"begin_date","end_date","hw","units"
"2015-12-28","2016-01-04","3DS","122844"
"2015-12-28","2016-01-04","Vita","78611"
"2015-12-28","2016-01-04","WiiU","55798"
"2015-12-28","2016-01-04","PS4","70596"
"2015-12-28","2016-01-04","XBOne","379"
"2016-01-04","2016-01-11","3DS","51144"
"2016-01-04","2016-01-11","Vita","32457"
"2016-01-04","2016-01-11","WiiU","25995"
"2016-01-04","2016-01-11","PS4","38286"
"2016-01-04","2016-01-11","XBOne","145"
"2016-01-11","2016-01-18","3DS","31352"
"2016-01-11","2016-01-18","Vita","19812"
"2016-01-11","2016-01-18","WiiU","14533"
"2016-01-11","2016-01-18","PS4","26658"
"2016-01-11","2016-01-18","XBOne","136"
"2016-01-18","2016-01-25","3DS","29966"
"2016-01-18","2016-01-25","Vita","15462"
"2016-01-18","2016-01-25","WiiU","9086"
"2016-01-18","2016-01-25","PS4","24825"
"2016-01-18","2016-01-25","XBOne","115"
"2016-01-25","2016-02-01","3DS","24897"
"2016-01-25","2016-02-01","Vita","43530"
"2016-01-25","2016-02-01","WiiU","7369"
"2016-01-25","2016-02-01","PS4","32819"
"2016-01-25","2016-02-01","XBOne","112"
"2016-02-01","2016-02-08","3DS","19755"
"2016-02-01","2016-02-08","Vita","24779"
"2016-02-01","2016-02-08","WiiU","3351"
"2016-02-01","2016-02-08","PS4","32181"
"2016-02-01","2016-02-08","XBOne","367"
"2016-02-08","2016-02-15","3DS","21143"
"2016-02-08","2016-02-15","Vita","17474"
"2016-02-08","2016-02-15","WiiU","3155"
"2016-02-08","2016-02-15","PS4","25015"
"2016-02-08","2016-02-15","XBOne","126"
"2016-02-15","2016-02-22","3DS","18616"
"2016-02-15","2016-02-22","Vita","22175"
"2016-02-15","2016-02-22","WiiU","4186"
"2016-02-15","2016-02-22","PS4","27130"
"2016-02-15","2016-02-22","XBOne","93"
"2016-02-22","2016-02-29","3DS","20012"
"2016-02-22","2016-02-29","Vita","18643"
"2016-02-22","2016-02-29","WiiU","4013"
"2016-02-22","2016-02-29","PS4","25541"
"2016-02-22","2016-02-29","XBOne","73"
"2016-02-29","2016-03-07","3DS","21259"
"2016-02-29","2016-03-07","Vita","29269"
"2016-02-29","2016-03-07","WiiU","5991"
"2016-02-29","2016-03-07","PS4","27318"
"2016-02-29","2016-03-07","XBOne","205"
"2016-03-07","2016-03-14","3DS","20522"
"2016-03-07","2016-03-14","Vita","19762"
"2016-03-07","2016-03-14","WiiU","3836"
"2016-03-07","2016-03-14","PS4","27638"
"2016-03-07","2016-03-14","XBOne","131"
"2016-03-14","2016-03-21","3DS","20349"
"2016-03-14","2016-03-21","Vita","19580"
"2016-03-14","2016-03-21","WiiU","9644"
"2016-03-14","2016-03-21","PS4","27354"
"2016-03-14","2016-03-21","XBOne","75"
"2016-03-21","2016-03-28","3DS","25311"
"2016-03-21","2016-03-28","Vita","20383"
"2016-03-21","2016-03-28","WiiU","5034"
"2016-03-21","2016-03-28","PS4","35565"
"2016-03-21","2016-03-28","XBOne","110"
"2016-03-28","2016-04-04","3DS","25520"
"2016-03-28","2016-04-04","Vita","17741"
"2016-03-28","2016-04-04","WiiU","2678"
"2016-03-28","2016-04-04","PS4","33440"
"2016-03-28","2016-04-04","XBOne","87"
"2016-04-04","2016-04-11","3DS","21221"
"2016-04-04","2016-04-11","Vita","12860"
"2016-04-04","2016-04-11","WiiU","5229"
"2016-04-04","2016-04-11","PS4","23095"
"2016-04-04","2016-04-11","XBOne","144"
"2016-04-11","2016-04-18","3DS","18333"
"2016-04-11","2016-04-18","Vita","11782"
"2016-04-11","2016-04-18","WiiU","5634"
"2016-04-11","2016-04-18","PS4","20652"
"2016-04-11","2016-04-18","XBOne","153"
"2016-04-18","2016-04-25","3DS","15086"
"2016-04-18","2016-04-25","Vita","11233"
"2016-04-18","2016-04-25","WiiU","7195"
"2016-04-18","2016-04-25","PS4","20070"
"2016-04-18","2016-04-25","XBOne","82"
"2016-04-25","2016-05-02","3DS","22395"
"2016-04-25","2016-05-02","Vita","17661"
"2016-04-25","2016-05-02","WiiU","10116"
"2016-04-25","2016-05-02","PS4","27903"
"2016-04-25","2016-05-02","XBOne","90"
"2016-05-02","2016-05-09","3DS","23607"
"2016-05-02","2016-05-09","Vita","16822"
"2016-05-02","2016-05-09","WiiU","7961"
"2016-05-02","2016-05-09","PS4","24786"
"2016-05-02","2016-05-09","XBOne","76"
"2016-05-09","2016-05-16","3DS","14434"
"2016-05-09","2016-05-16","Vita","10855"
"2016-05-09","2016-05-16","WiiU","3296"
"2016-05-09","2016-05-16","PS4","22109"
"2016-05-09","2016-05-16","XBOne","138"
"2016-05-16","2016-05-23","3DS","13264"
"2016-05-16","2016-05-23","Vita","10082"
"2016-05-16","2016-05-23","WiiU","3659"
"2016-05-16","2016-05-23","PS4","18291"
"2016-05-16","2016-05-23","XBOne","60"
"2016-05-23","2016-05-30","3DS","13736"
"2016-05-23","2016-05-30","Vita","14605"
"2016-05-23","2016-05-30","WiiU","3872"
"2016-05-23","2016-05-30","PS4","24201"
"2016-05-23","2016-05-30","XBOne","65"
"2016-05-30","2016-06-06","3DS","13139"
"2016-05-30","2016-06-06","Vita","13050"
"2016-05-30","2016-06-06","WiiU","4207"
"2016-05-30","2016-06-06","PS4","22182"
"2016-05-30","2016-06-06","XBOne","52"
"2016-06-06","2016-06-13","3DS","21621"
"2016-06-06","2016-06-13","Vita","11574"
"2016-06-06","2016-06-13","WiiU","3505"
"2016-06-06","2016-06-13","PS4","18722"
"2016-06-06","2016-06-13","XBOne","46"
"2016-06-13","2016-06-20","3DS","18365"
"2016-06-13","2016-06-20","Vita","11415"
"2016-06-13","2016-06-20","WiiU","4430"
"2016-06-13","2016-06-20","PS4","18997"
"2016-06-13","2016-06-20","XBOne","40"
"2016-06-20","2016-06-27","3DS","20016"
"2016-06-20","2016-06-27","Vita","11391"
"2016-06-20","2016-06-27","WiiU","4442"
"2016-06-20","2016-06-27","PS4","21475"
"2016-06-20","2016-06-27","XBOne","72"
"2016-06-27","2016-07-04","3DS","18853"
"2016-06-27","2016-07-04","Vita","11258"
"2016-06-27","2016-07-04","WiiU","5363"
"2016-06-27","2016-07-04","PS4","24757"
"2016-06-27","2016-07-04","XBOne","63"
"2016-07-04","2016-07-11","3DS","18446"
"2016-07-04","2016-07-11","Vita","10950"
"2016-07-04","2016-07-11","WiiU","14904"
"2016-07-04","2016-07-11","PS4","21474"
"2016-07-04","2016-07-11","XBOne","75"
"2016-07-11","2016-07-18","3DS","24009"
"2016-07-11","2016-07-18","Vita","11610"
"2016-07-11","2016-07-18","WiiU","7605"
"2016-07-11","2016-07-18","PS4","21017"
"2016-07-11","2016-07-18","XBOne","82"
"2016-07-18","2016-07-25","3DS","23539"
"2016-07-18","2016-07-25","Vita","10676"
"2016-07-18","2016-07-25","WiiU","5899"
"2016-07-18","2016-07-25","PS4","17857"
"2016-07-18","2016-07-25","XBOne","55"
"2016-07-25","2016-08-01","3DS","25259"
"2016-07-25","2016-08-01","Vita","11340"
"2016-07-25","2016-08-01","WiiU","6048"
"2016-07-25","2016-08-01","PS4","21030"
"2016-07-25","2016-08-01","XBOne","39"
"2016-08-01","2016-08-08","3DS","27551"
"2016-08-01","2016-08-08","Vita","10015"
"2016-08-01","2016-08-08","WiiU","5170"
"2016-08-01","2016-08-08","PS4","16383"
"2016-08-01","2016-08-08","XBOne","43"
"2016-08-08","2016-08-15","3DS","31695"
"2016-08-08","2016-08-15","Vita","12407"
"2016-08-08","2016-08-15","WiiU","5770"
"2016-08-08","2016-08-15","PS4","17482"
"2016-08-08","2016-08-15","XBOne","38"
"2016-08-15","2016-08-22","3DS","26735"
"2016-08-15","2016-08-22","Vita","11086"
"2016-08-15","2016-08-22","WiiU","5623"
"2016-08-15","2016-08-22","PS4","19053"
"2016-08-15","2016-08-22","XBOne","40"
"2016-08-22","2016-08-29","3DS","20788"
"2016-08-22","2016-08-29","Vita","9458"
"2016-08-22","2016-08-29","WiiU","4157"
"2016-08-22","2016-08-29","PS4","6760"
"2016-08-22","2016-08-29","XBOne","31"
"2016-08-29","2016-09-05","3DS","20813"
"2016-08-29","2016-09-05","Vita","10021"
"2016-08-29","2016-09-05","WiiU","4072"
"2016-08-29","2016-09-05","PS4","2302"
"2016-08-29","2016-09-05","XBOne","126"
"2016-09-05","2016-09-12","3DS","19783"
"2016-09-05","2016-09-12","Vita","9397"
"2016-09-05","2016-09-12","WiiU","3267"
"2016-09-05","2016-09-12","PS4","364"
"2016-09-05","2016-09-12","XBOne","154"
"2016-09-12","2016-09-19","3DS","36737"
"2016-09-12","2016-09-19","Vita","9083"
"2016-09-12","2016-09-19","WiiU","2824"
"2016-09-12","2016-09-19","PS4","96567"
"2016-09-12","2016-09-19","XBOne","157"
"2016-09-19","2016-09-26","3DS","34877"
"2016-09-19","2016-09-26","Vita","8525"
"2016-09-19","2016-09-26","WiiU","2681"
"2016-09-19","2016-09-26","PS4","48443"
"2016-09-19","2016-09-26","XBOne","162"
"2016-09-26","2016-10-03","3DS","27198"
"2016-09-26","2016-10-03","Vita","8151"
"2016-09-26","2016-10-03","WiiU","2071"
"2016-09-26","2016-10-03","PS4","38063"
"2016-09-26","2016-10-03","XBOne","160"
"2016-10-03","2016-10-10","3DS","34119"
"2016-10-03","2016-10-10","Vita","7976"
"2016-10-03","2016-10-10","WiiU","2561"
"2016-10-03","2016-10-10","PS4","32525"
"2016-10-03","2016-10-10","XBOne","102"
"2016-10-10","2016-10-17","3DS","30315"
"2016-10-10","2016-10-17","Vita","7881"
"2016-10-10","2016-10-17","WiiU","2558"
"2016-10-10","2016-10-17","PS4","29447"
"2016-10-10","2016-10-17","XBOne","899"
"2016-10-17","2016-10-24","3DS","26015"
"2016-10-17","2016-10-24","Vita","7514"
"2016-10-17","2016-10-24","WiiU","2130"
"2016-10-17","2016-10-24","PS4","26719"
"2016-10-17","2016-10-24","XBOne","215"
"2016-10-24","2016-10-31","3DS","25763"
"2016-10-24","2016-10-31","Vita","9879"
"2016-10-24","2016-10-31","WiiU","2172"
"2016-10-24","2016-10-31","PS4","32169"
"2016-10-24","2016-10-31","XBOne","130"
"2016-10-31","2016-11-07","3DS","28902"
"2016-10-31","2016-11-07","Vita","9012"
"2016-10-31","2016-11-07","WiiU","2293"
"2016-10-31","2016-11-07","PS4","32484"
"2016-10-31","2016-11-07","XBOne","210"
"2016-11-07","2016-11-14","3DS","29981"
"2016-11-07","2016-11-14","Vita","8637"
"2016-11-07","2016-11-14","WiiU","2467"
"2016-11-07","2016-11-14","PS4","93512"
"2016-11-07","2016-11-14","XBOne","125"
"2016-11-14","2016-11-21","3DS","113987"
"2016-11-14","2016-11-21","Vita","7985"
"2016-11-14","2016-11-21","WiiU","2973"
"2016-11-14","2016-11-21","PS4","37383"
"2016-11-14","2016-11-21","XBOne","85"
"2016-11-21","2016-11-28","3DS","68887"
"2016-11-21","2016-11-28","Vita","10584"
"2016-11-21","2016-11-28","WiiU","3414"
"2016-11-21","2016-11-28","PS4","40636"
"2016-11-21","2016-11-28","XBOne","1020"
"2016-11-28","2016-12-05","3DS","62267"
"2016-11-28","2016-12-05","Vita","14853"
"2016-11-28","2016-12-05","WiiU","4713"
"2016-11-28","2016-12-05","PS4","116593"
"2016-11-28","2016-12-05","XBOne","315"
"2016-12-05","2016-12-12","3DS","82663"
"2016-12-05","2016-12-12","Vita","17996"
"2016-12-05","2016-12-12","WiiU","4240"
"2016-12-05","2016-12-12","PS4","98684"
"2016-12-05","2016-12-12","XBOne","363"
"2016-12-12","2016-12-19","3DS","117793"
"2016-12-12","2016-12-19","Vita","26955"
"2016-12-12","2016-12-19","WiiU","4544"
"2016-12-12","2016-12-19","PS4","75061"
"2016-12-12","2016-12-19","XBOne","279"
"2016-12-19","2016-12-26","3DS","229575"
"2016-12-19","2016-12-26","Vita","58745"
"2016-12-19","2016-12-26","WiiU","8417"
"2016-12-19","2016-12-26","PS4","107269"
"2016-12-19","2016-12-26","XBOne","757"
"2016-12-26","2017-01-02","3DS","119848"
"2016-12-26","2017-01-02","Vita","32960"
"2016-12-26","2017-01-02","WiiU","3204"
"2016-12-26","2017-01-02","PS4","93144"
"2016-12-26","2017-01-02","XBOne","744"
"2017-01-02","2017-01-09","3DS","121419"
"2017-01-02","2017-01-09","Vita","43616"
"2017-01-02","2017-01-09","WiiU","3593"
"2017-01-02","2017-01-09","PS4","89346"
"2017-01-02","2017-01-09","XBOne","402"
"2017-01-09","2017-01-16","3DS","46381"
"2017-01-09","2017-01-16","Vita","16689"
"2017-01-09","2017-01-16","WiiU","1332"
"2017-01-09","2017-01-16","PS4","49274"
"2017-01-09","2017-01-16","XBOne","306"
"2017-01-16","2017-01-23","3DS","34278"
"2017-01-16","2017-01-23","Vita","12286"
"2017-01-16","2017-01-23","WiiU","1070"
"2017-01-16","2017-01-23","PS4","36413"
"2017-01-16","2017-01-23","XBOne","350"
"2017-01-23","2017-01-30","3DS","33890"
"2017-01-23","2017-01-30","Vita","11911"
"2017-01-23","2017-01-30","WiiU","937"
"2017-01-23","2017-01-30","PS4","44243"
"2017-01-23","2017-01-30","XBOne","483"
"2017-01-30","2017-02-06","3DS","31299"
"2017-01-30","2017-02-06","Vita","9772"
"2017-01-30","2017-02-06","WiiU","998"
"2017-01-30","2017-02-06","PS4","35980"
"2017-01-30","2017-02-06","XBOne","117"
"2017-02-06","2017-02-13","3DS","31569"
"2017-02-06","2017-02-13","Vita","8730"
"2017-02-06","2017-02-13","WiiU","897"
"2017-02-06","2017-02-13","PS4","31110"
"2017-02-06","2017-02-13","XBOne","178"
"2017-02-13","2017-02-20","3DS","27377"
"2017-02-13","2017-02-20","Vita","8339"
"2017-02-13","2017-02-20","WiiU","601"
"2017-02-13","2017-02-20","PS4","28820"
"2017-02-13","2017-02-20","XBOne","110"
"2017-02-20","2017-02-27","3DS","24740"
"2017-02-20","2017-02-27","Vita","11069"
"2017-02-20","2017-02-27","WiiU","626"
"2017-02-20","2017-02-27","PS4","44158"
"2017-02-20","2017-02-27","XBOne","525"
"2017-02-27","2017-03-06","3DS","27078"
"2017-02-27","2017-03-06","Vita","9879"
"2017-02-27","2017-03-06","WiiU","644"
"2017-02-27","2017-03-06","NSW","330637"
"2017-02-27","2017-03-06","PS4","36637"
"2017-02-27","2017-03-06","XBOne","168"
"2017-03-06","2017-03-13","3DS","24498"
"2017-03-06","2017-03-13","Vita","8819"
"2017-03-06","2017-03-13","WiiU","678"
"2017-03-06","2017-03-13","NSW","63420"
"2017-03-06","2017-03-13","PS4","34565"
"2017-03-06","2017-03-13","XBOne","121"
"2017-03-13","2017-03-20","3DS","56537"
"2017-03-13","2017-03-20","Vita","8459"
"2017-03-13","2017-03-20","WiiU","441"
"2017-03-13","2017-03-20","NSW","50821"
"2017-03-13","2017-03-20","PS4","32432"
"2017-03-13","2017-03-20","XBOne","112"
"2017-03-20","2017-03-27","3DS","51289"
"2017-03-20","2017-03-27","Vita","7529"
"2017-03-20","2017-03-27","WiiU","383"
"2017-03-20","2017-03-27","NSW","79493"
"2017-03-20","2017-03-27","PS4","30479"
"2017-03-20","2017-03-27","XBOne","85"
"2017-03-27","2017-04-03","3DS","36332"
"2017-03-27","2017-04-03","Vita","7330"
"2017-03-27","2017-04-03","WiiU","523"
"2017-03-27","2017-04-03","NSW","32262"
"2017-03-27","2017-04-03","PS4","28308"
"2017-03-27","2017-04-03","XBOne","242"
"2017-04-03","2017-04-10","3DS","26471"
"2017-04-03","2017-04-10","Vita","6313"
"2017-04-03","2017-04-10","WiiU","393"
"2017-04-03","2017-04-10","NSW","45271"
"2017-04-03","2017-04-10","PS4","22076"
"2017-04-03","2017-04-10","XBOne","108"
"2017-04-10","2017-04-17","3DS","24085"
"2017-04-10","2017-04-17","Vita","6123"
"2017-04-10","2017-04-17","WiiU","361"
"2017-04-10","2017-04-17","NSW","42700"
"2017-04-10","2017-04-17","PS4","22067"
"2017-04-10","2017-04-17","XBOne","70"
"2017-04-17","2017-04-24","3DS","21695"
"2017-04-17","2017-04-24","Vita","5414"
"2017-04-17","2017-04-24","WiiU","376"
"2017-04-17","2017-04-24","NSW","40367"
"2017-04-17","2017-04-24","PS4","18846"
"2017-04-17","2017-04-24","XBOne","73"
"2017-04-24","2017-05-01","3DS","21602"
"2017-04-24","2017-05-01","Vita","6194"
"2017-04-24","2017-05-01","WiiU","184"
"2017-04-24","2017-05-01","NSW","74217"
"2017-04-24","2017-05-01","PS4","24756"
"2017-04-24","2017-05-01","XBOne","169"
"2017-05-01","2017-05-08","3DS","23264"
"2017-05-01","2017-05-08","Vita","6921"
"2017-05-01","2017-05-08","WiiU","418"
"2017-05-01","2017-05-08","NSW","47353"
"2017-05-01","2017-05-08","PS4","28498"
"2017-05-01","2017-05-08","XBOne","97"
"2017-05-08","2017-05-15","3DS","13730"
"2017-05-08","2017-05-15","Vita","4212"
"2017-05-08","2017-05-15","WiiU","203"
"2017-05-08","2017-05-15","NSW","25257"
"2017-05-08","2017-05-15","PS4","17287"
"2017-05-08","2017-05-15","XBOne","72"
"2017-05-15","2017-05-22","3DS","13374"
"2017-05-15","2017-05-22","Vita","4596"
"2017-05-15","2017-05-22","WiiU","206"
"2017-05-15","2017-05-22","NSW","27264"
"2017-05-15","2017-05-22","PS4","17034"
"2017-05-15","2017-05-22","XBOne","97"
"2017-05-22","2017-05-29","3DS","13049"
"2017-05-22","2017-05-29","Vita","4867"
"2017-05-22","2017-05-29","WiiU","229"
"2017-05-22","2017-05-29","NSW","27440"
"2017-05-22","2017-05-29","PS4","19747"
"2017-05-22","2017-05-29","XBOne","102"
"2017-05-29","2017-06-05","3DS","12533"
"2017-05-29","2017-06-05","Vita","4843"
"2017-05-29","2017-06-05","WiiU","186"
"2017-05-29","2017-06-05","NSW","25274"
"2017-05-29","2017-06-05","PS4","21286"
"2017-05-29","2017-06-05","XBOne","51"
"2017-06-05","2017-06-12","3DS","11519"
"2017-06-05","2017-06-12","Vita","4317"
"2017-06-05","2017-06-12","WiiU","133"
"2017-06-05","2017-06-12","NSW","28293"
"2017-06-05","2017-06-12","PS4","19867"
"2017-06-05","2017-06-12","XBOne","61"
"2017-06-12","2017-06-19","3DS","12112"
"2017-06-12","2017-06-19","Vita","4573"
"2017-06-12","2017-06-19","WiiU","253"
"2017-06-12","2017-06-19","NSW","49440"
"2017-06-12","2017-06-19","PS4","25117"
"2017-06-12","2017-06-19","XBOne","69"
"2017-06-19","2017-06-26","3DS","12651"
"2017-06-19","2017-06-26","Vita","4535"
"2017-06-19","2017-06-26","WiiU","108"
"2017-06-19","2017-06-26","NSW","26964"
"2017-06-19","2017-06-26","PS4","26140"
"2017-06-19","2017-06-26","XBOne","181"
"2017-06-26","2017-07-03","3DS","12036"
"2017-06-26","2017-07-03","Vita","4914"
"2017-06-26","2017-07-03","WiiU","135"
"2017-06-26","2017-07-03","NSW","24736"
"2017-06-26","2017-07-03","PS4","28642"
"2017-06-26","2017-07-03","XBOne","82"
"2017-07-03","2017-07-10","3DS","11228"
"2017-07-03","2017-07-10","Vita","4678"
"2017-07-03","2017-07-10","WiiU","176"
"2017-07-03","2017-07-10","NSW","36143"
"2017-07-03","2017-07-10","PS4","28414"
"2017-07-03","2017-07-10","XBOne","68"
"2017-07-10","2017-07-17","3DS","48464"
"2017-07-10","2017-07-17","Vita","4487"
"2017-07-10","2017-07-17","WiiU","216"
"2017-07-10","2017-07-17","NSW","25154"
"2017-07-10","2017-07-17","PS4","28793"
"2017-07-10","2017-07-17","XBOne","35"
"2017-07-17","2017-07-24","3DS","28831"
"2017-07-17","2017-07-24","Vita","4417"
"2017-07-17","2017-07-24","WiiU","214"
"2017-07-17","2017-07-24","NSW","102581"
"2017-07-17","2017-07-24","PS4","27530"
"2017-07-17","2017-07-24","XBOne","102"
"2017-07-24","2017-07-31","3DS","126790"
"2017-07-24","2017-07-31","Vita","4364"
"2017-07-24","2017-07-31","WiiU","207"
"2017-07-24","2017-07-31","NSW","105697"
"2017-07-24","2017-07-31","PS4","93954"
"2017-07-24","2017-07-31","XBOne","103"
"2017-07-31","2017-08-07","3DS","61995"
"2017-07-31","2017-08-07","Vita","4653"
"2017-07-31","2017-08-07","WiiU","128"
"2017-07-31","2017-08-07","NSW","69686"
"2017-07-31","2017-08-07","PS4","52819"
"2017-07-31","2017-08-07","XBOne","101"
"2017-08-07","2017-08-14","3DS","46348"
"2017-08-07","2017-08-14","Vita","5038"
"2017-08-07","2017-08-14","WiiU","136"
"2017-08-07","2017-08-14","NSW","77146"
"2017-08-07","2017-08-14","PS4","38015"
"2017-08-07","2017-08-14","XBOne","87"
"2017-08-14","2017-08-21","3DS","41175"
"2017-08-14","2017-08-21","Vita","5420"
"2017-08-14","2017-08-21","WiiU","232"
"2017-08-14","2017-08-21","NSW","22154"
"2017-08-14","2017-08-21","PS4","39970"
"2017-08-14","2017-08-21","XBOne","102"
"2017-08-21","2017-08-28","3DS","26796"
"2017-08-21","2017-08-28","Vita","3953"
"2017-08-21","2017-08-28","WiiU","89"
"2017-08-21","2017-08-28","NSW","85503"
"2017-08-21","2017-08-28","PS4","26335"
"2017-08-21","2017-08-28","XBOne","63"
"2017-08-28","2017-09-04","3DS","25185"
"2017-08-28","2017-09-04","Vita","4113"
"2017-08-28","2017-09-04","WiiU","87"
"2017-08-28","2017-09-04","NSW","32857"
"2017-08-28","2017-09-04","PS4","29736"
"2017-08-28","2017-09-04","XBOne","55"
"2017-09-04","2017-09-11","3DS","22468"
"2017-09-04","2017-09-11","Vita","4182"
"2017-09-04","2017-09-11","WiiU","105"
"2017-09-04","2017-09-11","NSW","47801"
"2017-09-04","2017-09-11","PS4","31595"
"2017-09-04","2017-09-11","XBOne","84"
"2017-09-11","2017-09-18","3DS","20413"
"2017-09-11","2017-09-18","Vita","4308"
"2017-09-11","2017-09-18","WiiU","174"
"2017-09-11","2017-09-18","NSW","38006"
"2017-09-11","2017-09-18","PS4","27480"
"2017-09-11","2017-09-18","XBOne","51"
"2017-09-18","2017-09-25","3DS","18868"
"2017-09-18","2017-09-25","Vita","3871"
"2017-09-18","2017-09-25","WiiU","73"
"2017-09-18","2017-09-25","NSW","50146"
"2017-09-18","2017-09-25","PS4","25819"
"2017-09-18","2017-09-25","XBOne","26"
"2017-09-25","2017-10-02","3DS","20680"
"2017-09-25","2017-10-02","Vita","4256"
"2017-09-25","2017-10-02","WiiU","32"
"2017-09-25","2017-10-02","NSW","74500"
"2017-09-25","2017-10-02","PS4","34564"
"2017-09-25","2017-10-02","XBOne","53"
"2017-10-02","2017-10-09","3DS","23406"
"2017-10-02","2017-10-09","Vita","3987"
"2017-10-02","2017-10-09","WiiU","35"
"2017-10-02","2017-10-09","NSW","38425"
"2017-10-02","2017-10-09","PS4","25398"
"2017-10-02","2017-10-09","XBOne","189"
"2017-10-09","2017-10-16","3DS","20157"
"2017-10-09","2017-10-16","Vita","4142"
"2017-10-09","2017-10-16","WiiU","49"
"2017-10-09","2017-10-16","NSW","37227"
"2017-10-09","2017-10-16","PS4","26486"
"2017-10-09","2017-10-16","XBOne","53"
"2017-10-16","2017-10-23","3DS","15255"
"2017-10-16","2017-10-23","Vita","3832"
"2017-10-16","2017-10-23","WiiU","33"
"2017-10-16","2017-10-23","NSW","23892"
"2017-10-16","2017-10-23","PS4","32007"
"2017-10-16","2017-10-23","XBOne","71"
"2017-10-23","2017-10-30","3DS","16465"
"2017-10-23","2017-10-30","Vita","3197"
"2017-10-23","2017-10-30","WiiU","46"
"2017-10-23","2017-10-30","NSW","133094"
"2017-10-23","2017-10-30","PS4","26123"
"2017-10-23","2017-10-30","XBOne","59"
"2017-10-30","2017-11-06","3DS","20368"
"2017-10-30","2017-11-06","Vita","3309"
"2017-10-30","2017-11-06","WiiU","38"
"2017-10-30","2017-11-06","NSW","63977"
"2017-10-30","2017-11-06","PS4","31963"
"2017-10-30","2017-11-06","XBOne","65"
"2017-11-06","2017-11-13","3DS","18687"
"2017-11-06","2017-11-13","Vita","3023"
"2017-11-06","2017-11-13","WiiU","32"
"2017-11-06","2017-11-13","NSW","84593"
"2017-11-06","2017-11-13","PS4","29641"
"2017-11-06","2017-11-13","XBOne","1688"
"2017-11-13","2017-11-20","3DS","40582"
"2017-11-13","2017-11-20","Vita","2716"
"2017-11-13","2017-11-20","WiiU","38"
"2017-11-13","2017-11-20","NSW","90303"
"2017-11-13","2017-11-20","PS4","31862"
"2017-11-13","2017-11-20","XBOne","161"
"2017-11-20","2017-11-27","3DS","32178"
"2017-11-20","2017-11-27","Vita","3396"
"2017-11-20","2017-11-27","WiiU","131"
"2017-11-20","2017-11-27","NSW","133746"
"2017-11-20","2017-11-27","PS4","27806"
"2017-11-20","2017-11-27","XBOne","204"
"2017-11-27","2017-12-04","3DS","32246"
"2017-11-27","2017-12-04","Vita","4223"
"2017-11-27","2017-12-04","WiiU","63"
"2017-11-27","2017-12-04","NSW","150583"
"2017-11-27","2017-12-04","PS4","31518"
"2017-11-27","2017-12-04","XBOne","223"
"2017-12-04","2017-12-11","3DS","45217"
"2017-12-04","2017-12-11","Vita","8676"
"2017-12-04","2017-12-11","WiiU","98"
"2017-12-04","2017-12-11","NSW","193717"
"2017-12-04","2017-12-11","PS4","79242"
"2017-12-04","2017-12-11","XBOne","3409"
"2017-12-11","2017-12-18","3DS","53886"
"2017-12-11","2017-12-18","Vita","9561"
"2017-12-11","2017-12-18","WiiU","101"
"2017-12-11","2017-12-18","NSW","230259"
"2017-12-11","2017-12-18","PS4","73142"
"2017-12-11","2017-12-18","XBOne","1581"
"2017-12-18","2017-12-25","3DS","89430"
"2017-12-18","2017-12-25","Vita","16155"
"2017-12-18","2017-12-25","WiiU","103"
"2017-12-18","2017-12-25","NSW","303504"
"2017-12-18","2017-12-25","PS4","70581"
"2017-12-18","2017-12-25","XBOne","569"
"2017-12-25","2018-01-01","3DS","35357"
"2017-12-25","2018-01-01","Vita","7040"
"2017-12-25","2018-01-01","WiiU","69"
"2017-12-25","2018-01-01","NSW","115255"
"2017-12-25","2018-01-01","PS4","58182"
"2017-12-25","2018-01-01","XBOne","287"
"2018-01-01","2018-01-08","3DS","64986"
"2018-01-01","2018-01-08","Vita","13119"
"2018-01-01","2018-01-08","NSW","159636"
"2018-01-01","2018-01-08","PS4","103607"
"2018-01-01","2018-01-08","XBOne","273"
"2018-01-08","2018-01-15","3DS","21014"
"2018-01-08","2018-01-15","Vita","4146"
"2018-01-08","2018-01-15","NSW","31189"
"2018-01-08","2018-01-15","PS4","41188"
"2018-01-08","2018-01-15","XBOne","129"
"2018-01-15","2018-01-22","3DS","14620"
"2018-01-15","2018-01-22","Vita","4007"
"2018-01-15","2018-01-22","NSW","38749"
"2018-01-15","2018-01-22","PS4","44910"
"2018-01-15","2018-01-22","XBOne","440"
"2018-01-22","2018-01-29","3DS","12572"
"2018-01-22","2018-01-29","Vita","3367"
"2018-01-22","2018-01-29","NSW","39473"
"2018-01-22","2018-01-29","PS4","140432"
"2018-01-22","2018-01-29","XBOne","1603"
"2018-01-29","2018-02-05","3DS","12551"
"2018-01-29","2018-02-05","Vita","4228"
"2018-01-29","2018-02-05","NSW","46517"
"2018-01-29","2018-02-05","PS4","109286"
"2018-01-29","2018-02-05","XBOne","1086"
"2018-02-05","2018-02-12","3DS","13066"
"2018-02-05","2018-02-12","Vita","4177"
"2018-02-05","2018-02-12","NSW","43522"
"2018-02-05","2018-02-12","PS4","70172"
"2018-02-05","2018-02-12","XBOne","368"
"2018-02-12","2018-02-19","3DS","13075"
"2018-02-12","2018-02-19","Vita","5274"
"2018-02-12","2018-02-19","NSW","40655"
"2018-02-12","2018-02-19","PS4","48391"
"2018-02-12","2018-02-19","XBOne","267"
"2018-02-19","2018-02-26","3DS","12621"
"2018-02-19","2018-02-26","Vita","5666"
"2018-02-19","2018-02-26","NSW","41294"
"2018-02-19","2018-02-26","PS4","36193"
"2018-02-19","2018-02-26","XBOne","428"
"2018-02-26","2018-03-05","3DS","12513"
"2018-02-26","2018-03-05","Vita","5890"
"2018-02-26","2018-03-05","NSW","43801"
"2018-02-26","2018-03-05","PS4","26843"
"2018-02-26","2018-03-05","XBOne","185"
"2018-03-05","2018-03-12","3DS","12255"
"2018-03-05","2018-03-12","Vita","6636"
"2018-03-05","2018-03-12","NSW","45746"
"2018-03-05","2018-03-12","PS4","27323"
"2018-03-05","2018-03-12","XBOne","193"
"2018-03-12","2018-03-19","3DS","11100"
"2018-03-12","2018-03-19","Vita","4563"
"2018-03-12","2018-03-19","NSW","47841"
"2018-03-12","2018-03-19","PS4","19845"
"2018-03-12","2018-03-19","XBOne","142"
"2018-03-19","2018-03-26","3DS","13011"
"2018-03-19","2018-03-26","Vita","4494"
"2018-03-19","2018-03-26","NSW","51563"
"2018-03-19","2018-03-26","PS4","19175"
"2018-03-19","2018-03-26","XBOne","155"
"2018-03-26","2018-04-02","3DS","11951"
"2018-03-26","2018-04-02","Vita","4553"
"2018-03-26","2018-04-02","NSW","41402"
"2018-03-26","2018-04-02","PS4","21569"
"2018-03-26","2018-04-02","XBOne","267"
"2018-04-02","2018-04-09","3DS","10570"
"2018-04-02","2018-04-09","Vita","3471"
"2018-04-02","2018-04-09","NSW","36341"
"2018-04-02","2018-04-09","PS4","13018"
"2018-04-02","2018-04-09","XBOne","125"
"2018-04-09","2018-04-16","3DS","8909"
"2018-04-09","2018-04-16","Vita","3113"
"2018-04-09","2018-04-16","NSW","32427"
"2018-04-09","2018-04-16","PS4","11837"
"2018-04-09","2018-04-16","XBOne","145"
"2018-04-16","2018-04-23","3DS","8010"
"2018-04-16","2018-04-23","Vita","3220"
"2018-04-16","2018-04-23","NSW","32476"
"2018-04-16","2018-04-23","PS4","11807"
"2018-04-16","2018-04-23","XBOne","156"
"2018-04-23","2018-04-30","3DS","8378"
"2018-04-23","2018-04-30","Vita","5048"
"2018-04-23","2018-04-30","NSW","35498"
"2018-04-23","2018-04-30","PS4","24330"
"2018-04-23","2018-04-30","XBOne","236"
"2018-04-30","2018-05-07","3DS","13322"
"2018-04-30","2018-05-07","Vita","7977"
"2018-04-30","2018-05-07","NSW","54534"
"2018-04-30","2018-05-07","PS4","37356"
"2018-04-30","2018-05-07","XBOne","219"
"2018-05-07","2018-05-14","3DS","6703"
"2018-05-07","2018-05-14","Vita","2804"
"2018-05-07","2018-05-14","NSW","27907"
"2018-05-07","2018-05-14","PS4","16905"
"2018-05-07","2018-05-14","XBOne","180"
"2018-05-14","2018-05-21","3DS","6774"
"2018-05-14","2018-05-21","Vita","2698"
"2018-05-14","2018-05-21","NSW","30341"
"2018-05-14","2018-05-21","PS4","15559"
"2018-05-14","2018-05-21","XBOne","184"
"2018-05-21","2018-05-28","3DS","6588"
"2018-05-21","2018-05-28","Vita","2721"
"2018-05-21","2018-05-28","NSW","31673"
"2018-05-21","2018-05-28","PS4","16361"
"2018-05-21","2018-05-28","XBOne","182"
"2018-05-28","2018-06-04","3DS","7252"
"2018-05-28","2018-06-04","Vita","2742"
"2018-05-28","2018-06-04","NSW","36271"
"2018-05-28","2018-06-04","PS4","17396"
"2018-05-28","2018-06-04","XBOne","149"
"2018-06-04","2018-06-11","3DS","7285"
"2018-06-04","2018-06-11","Vita","3921"
"2018-06-04","2018-06-11","NSW","36449"
"2018-06-04","2018-06-11","PS4","26978"
"2018-06-04","2018-06-11","XBOne","103"
"2018-06-11","2018-06-18","3DS","7321"
"2018-06-11","2018-06-18","Vita","2983"
"2018-06-11","2018-06-18","NSW","44824"
"2018-06-11","2018-06-18","PS4","22570"
"2018-06-11","2018-06-18","XBOne","826"
"2018-06-18","2018-06-25","3DS","7052"
"2018-06-18","2018-06-25","Vita","2410"
"2018-06-18","2018-06-25","NSW","46750"
"2018-06-18","2018-06-25","PS4","21368"
"2018-06-18","2018-06-25","XBOne","441"
"2018-06-25","2018-07-02","3DS","7653"
"2018-06-25","2018-07-02","Vita","2794"
"2018-06-25","2018-07-02","NSW","50678"
"2018-06-25","2018-07-02","PS4","19639"
"2018-06-25","2018-07-02","XBOne","220"
"2018-07-02","2018-07-09","3DS","7522"
"2018-07-02","2018-07-09","Vita","2788"
"2018-07-02","2018-07-09","NSW","43648"
"2018-07-02","2018-07-09","PS4","19041"
"2018-07-02","2018-07-09","XBOne","183"
"2018-07-09","2018-07-16","3DS","7499"
"2018-07-09","2018-07-16","Vita","3594"
"2018-07-09","2018-07-16","NSW","47317"
"2018-07-09","2018-07-16","PS4","17747"
"2018-07-09","2018-07-16","XBOne","115"
"2018-07-16","2018-07-23","3DS","10552"
"2018-07-16","2018-07-23","Vita","3796"
"2018-07-16","2018-07-23","NSW","53644"
"2018-07-16","2018-07-23","PS4","18033"
"2018-07-16","2018-07-23","XBOne","385"
"2018-07-23","2018-07-30","3DS","8413"
"2018-07-23","2018-07-30","Vita","2653"
"2018-07-23","2018-07-30","NSW","47446"
"2018-07-23","2018-07-30","PS4","17572"
"2018-07-23","2018-07-30","XBOne","335"
"2018-07-30","2018-08-06","3DS","11361"
"2018-07-30","2018-08-06","Vita","2916"
"2018-07-30","2018-08-06","NSW","48975"
"2018-07-30","2018-08-06","PS4","17254"
"2018-07-30","2018-08-06","XBOne","113"
"2018-08-06","2018-08-13","3DS","10566"
"2018-08-06","2018-08-13","Vita","2602"
"2018-08-06","2018-08-13","NSW","50549"
"2018-08-06","2018-08-13","PS4","19754"
"2018-08-06","2018-08-13","XBOne","125"
"2018-08-13","2018-08-20","3DS","11232"
"2018-08-13","2018-08-20","Vita","2982"
"2018-08-13","2018-08-20","NSW","53536"
"2018-08-13","2018-08-20","PS4","26811"
"2018-08-13","2018-08-20","XBOne","136"
"2018-08-20","2018-08-27","3DS","7810"
"2018-08-20","2018-08-27","Vita","2370"
"2018-08-20","2018-08-27","NSW","46413"
"2018-08-20","2018-08-27","PS4","22242"
"2018-08-20","2018-08-27","XBOne","154"
"2018-08-27","2018-09-03","3DS","7715"
"2018-08-27","2018-09-03","Vita","2325"
"2018-08-27","2018-09-03","NSW","41125"
"2018-08-27","2018-09-03","PS4","17564"
"2018-08-27","2018-09-03","XBOne","144"
"2018-09-03","2018-09-10","3DS","6888"
"2018-09-03","2018-09-10","Vita","2327"
"2018-09-03","2018-09-10","NSW","46206"
"2018-09-03","2018-09-10","PS4","18974"
"2018-09-03","2018-09-10","XBOne","61"
"2018-09-10","2018-09-17","3DS","6338"
"2018-09-10","2018-09-17","Vita","1970"
"2018-09-10","2018-09-17","NSW","36153"
"2018-09-10","2018-09-17","PS4","20849"
"2018-09-10","2018-09-17","XBOne","275"
"2018-09-17","2018-09-24","3DS","6788"
"2018-09-17","2018-09-24","Vita","2619"
"2018-09-17","2018-09-24","NSW","36751"
"2018-09-17","2018-09-24","PS4","17299"
"2018-09-17","2018-09-24","XBOne","125"
"2018-09-24","2018-10-01","3DS","6651"
"2018-09-24","2018-10-01","Vita","2760"
"2018-09-24","2018-10-01","NSW","43197"
"2018-09-24","2018-10-01","PS4","20520"
"2018-09-24","2018-10-01","XBOne","114"
"2018-10-01","2018-10-08","3DS","6376"
"2018-10-01","2018-10-08","Vita","2823"
"2018-10-01","2018-10-08","NSW","46590"
"2018-10-01","2018-10-08","PS4","13548"
"2018-10-01","2018-10-08","XBOne","461"
"2018-10-08","2018-10-15","3DS","6430"
"2018-10-08","2018-10-15","Vita","2535"
"2018-10-08","2018-10-15","NSW","44572"
"2018-10-08","2018-10-15","PS4","25482"
"2018-10-08","2018-10-15","XBOne","310"
"2018-10-15","2018-10-22","3DS","5373"
"2018-10-15","2018-10-22","Vita","2803"
"2018-10-15","2018-10-22","NSW","43863"
"2018-10-15","2018-10-22","PS4","19867"
"2018-10-15","2018-10-22","XBOne","140"
"2018-10-22","2018-10-29","3DS","5497"
"2018-10-22","2018-10-29","Vita","2004"
"2018-10-22","2018-10-29","NSW","38448"
"2018-10-22","2018-10-29","PS4","19321"
"2018-10-22","2018-10-29","XBOne","171"
"2018-10-29","2018-11-05","3DS","5699"
"2018-10-29","2018-11-05","Vita","1838"
"2018-10-29","2018-11-05","NSW","40344"
"2018-10-29","2018-11-05","PS4","17783"
"2018-10-29","2018-11-05","XBOne","223"
"2018-11-05","2018-11-12","3DS","6041"
"2018-11-05","2018-11-12","Vita","1668"
"2018-11-05","2018-11-12","NSW","53385"
"2018-11-05","2018-11-12","PS4","16216"
"2018-11-05","2018-11-12","XBOne","473"
"2018-11-12","2018-11-19","3DS","6056"
"2018-11-12","2018-11-19","Vita","1818"
"2018-11-12","2018-11-19","NSW","180585"
"2018-11-12","2018-11-19","PS4","15890"
"2018-11-12","2018-11-19","XBOne","202"
"2018-11-19","2018-11-26","3DS","8302"
"2018-11-19","2018-11-26","Vita","1819"
"2018-11-19","2018-11-26","NSW","113341"
"2018-11-19","2018-11-26","PS4","29283"
"2018-11-19","2018-11-26","XBOne","684"
"2018-11-26","2018-12-03","3DS","8804"
"2018-11-26","2018-12-03","Vita","1730"
"2018-11-26","2018-12-03","NSW","107450"
"2018-11-26","2018-12-03","PS4","18801"
"2018-11-26","2018-12-03","XBOne","194"
"2018-12-03","2018-12-10","3DS","12487"
"2018-12-03","2018-12-10","Vita","2130"
"2018-12-03","2018-12-10","NSW","278313"
"2018-12-03","2018-12-10","PS4","67911"
"2018-12-03","2018-12-10","XBOne","358"
"2018-12-10","2018-12-17","3DS","17525"
"2018-12-10","2018-12-17","Vita","2583"
"2018-12-10","2018-12-17","NSW","285513"
"2018-12-10","2018-12-17","PS4","82546"
"2018-12-10","2018-12-17","XBOne","489"
"2018-12-17","2018-12-24","3DS","25568"
"2018-12-17","2018-12-24","Vita","3595"
"2018-12-17","2018-12-24","NSW","300661"
"2018-12-17","2018-12-24","PS4","75178"
"2018-12-17","2018-12-24","XBOne","305"
"2018-12-24","2018-12-31","3DS","11775"
"2018-12-24","2018-12-31","Vita","2658"
"2018-12-24","2018-12-31","NSW","186806"
"2018-12-24","2018-12-31","PS4","75683"
"2018-12-24","2018-12-31","XBOne","362"
"2018-12-31","2019-01-07","3DS","28969"
"2018-12-31","2019-01-07","Vita","3577"
"2018-12-31","2019-01-07","NSW","225698"
"2018-12-31","2019-01-07","PS4","132566"
"2018-12-31","2019-01-07","XBOne","257"
"2019-01-07","2019-01-14","3DS","5493"
"2019-01-07","2019-01-14","Vita","1701"
"2019-01-07","2019-01-14","NSW","83136"
"2019-01-07","2019-01-14","PS4","17188"
"2019-01-07","2019-01-14","XBOne","180"
"2019-01-14","2019-01-21","3DS","4939"
"2019-01-14","2019-01-21","Vita","1853"
"2019-01-14","2019-01-21","NSW","71672"
"2019-01-14","2019-01-21","PS4","19365"
"2019-01-14","2019-01-21","XBOne","166"
"2019-01-21","2019-01-28","3DS","4654"
"2019-01-21","2019-01-28","Vita","1787"
"2019-01-21","2019-01-28","NSW","51556"
"2019-01-21","2019-01-28","PS4","51704"
"2019-01-21","2019-01-28","XBOne","130"
"2019-01-28","2019-02-04","3DS","4134"
"2019-01-28","2019-02-04","Vita","1231"
"2019-01-28","2019-02-04","NSW","66448"
"2019-01-28","2019-02-04","PS4","27832"
"2019-01-28","2019-02-04","XBOne","96"
"2019-02-04","2019-02-11","3DS","3972"
"2019-02-04","2019-02-11","Vita","1504"
"2019-02-04","2019-02-11","NSW","61042"
"2019-02-04","2019-02-11","PS4","19981"
"2019-02-04","2019-02-11","XBOne","270"
"2019-02-11","2019-02-18","3DS","3890"
"2019-02-11","2019-02-18","Vita","1475"
"2019-02-11","2019-02-18","NSW","64313"
"2019-02-11","2019-02-18","PS4","21571"
"2019-02-11","2019-02-18","XBOne","68"
"2019-02-18","2019-02-25","3DS","3555"
"2019-02-18","2019-02-25","Vita","3554"
"2019-02-18","2019-02-25","NSW","49139"
"2019-02-18","2019-02-25","PS4","18372"
"2019-02-18","2019-02-25","XBOne","55"
"2019-02-25","2019-03-04","3DS","6084"
"2019-02-25","2019-03-04","Vita","4733"
"2019-02-25","2019-03-04","NSW","66453"
"2019-02-25","2019-03-04","PS4","22402"
"2019-02-25","2019-03-04","XBOne","99"
"2019-03-04","2019-03-11","3DS","4276"
"2019-03-04","2019-03-11","Vita","6403"
"2019-03-04","2019-03-11","NSW","67624"
"2019-03-04","2019-03-11","PS4","29949"
"2019-03-04","2019-03-11","XBOne","65"
"2019-03-11","2019-03-18","3DS","4659"
"2019-03-11","2019-03-18","Vita","1706"
"2019-03-11","2019-03-18","NSW","55478"
"2019-03-11","2019-03-18","PS4","29948"
"2019-03-11","2019-03-18","XBOne","195"
"2019-03-18","2019-03-25","3DS","6819"
"2019-03-18","2019-03-25","Vita","821"
"2019-03-18","2019-03-25","NSW","56812"
"2019-03-18","2019-03-25","PS4","29746"
"2019-03-18","2019-03-25","XBOne","96"
"2019-03-25","2019-04-01","3DS","5056"
"2019-03-25","2019-04-01","Vita","717"
"2019-03-25","2019-04-01","NSW","49852"
"2019-03-25","2019-04-01","PS4","23863"
"2019-03-25","2019-04-01","XBOne","92"
"2019-04-01","2019-04-08","3DS","4388"
"2019-04-01","2019-04-08","Vita","482"
"2019-04-01","2019-04-08","NSW","46850"
"2019-04-01","2019-04-08","PS4","13854"
"2019-04-01","2019-04-08","XBOne","93"
"2019-04-08","2019-04-15","3DS","3340"
"2019-04-08","2019-04-15","Vita","575"
"2019-04-08","2019-04-15","NSW","54101"
"2019-04-08","2019-04-15","PS4","11793"
"2019-04-08","2019-04-15","XBOne","66"
"2019-04-15","2019-04-22","3DS","3232"
"2019-04-15","2019-04-22","Vita","571"
"2019-04-15","2019-04-22","NSW","40338"
"2019-04-15","2019-04-22","PS4","11363"
"2019-04-15","2019-04-22","XBOne","83"
"2019-04-22","2019-04-29","3DS","4580"
"2019-04-22","2019-04-29","Vita","536"
"2019-04-22","2019-04-29","NSW","42108"
"2019-04-22","2019-04-29","PS4","14167"
"2019-04-22","2019-04-29","XBOne","155"
"2019-04-29","2019-05-13","3DS","10351"
"2019-04-29","2019-05-13","Vita","1088"
"2019-04-29","2019-05-13","NSW","83471"
"2019-04-29","2019-05-13","PS4","30003"
"2019-04-29","2019-05-13","XBOne","382"
"2019-05-13","2019-05-20","3DS","2529"
"2019-05-13","2019-05-20","Vita","290"
"2019-05-13","2019-05-20","NSW","32564"
"2019-05-13","2019-05-20","PS4","9560"
"2019-05-13","2019-05-20","XBOne","112"
"2019-05-20","2019-05-27","3DS","2595"
"2019-05-20","2019-05-27","Vita","314"
"2019-05-20","2019-05-27","NSW","25936"
"2019-05-20","2019-05-27","PS4","9642"
"2019-05-20","2019-05-27","XBOne","92"
"2019-05-27","2019-06-03","3DS","2255"
"2019-05-27","2019-06-03","Vita","251"
"2019-05-27","2019-06-03","NSW","33154"
"2019-05-27","2019-06-03","PS4","8982"
"2019-05-27","2019-06-03","XBOne","91"
"2019-06-03","2019-06-10","3DS","2732"
"2019-06-03","2019-06-10","Vita","157"
"2019-06-03","2019-06-10","NSW","33590"
"2019-06-03","2019-06-10","PS4","30108"
"2019-06-03","2019-06-10","XBOne","137"
"2019-06-10","2019-06-17","3DS","2768"
"2019-06-10","2019-06-17","Vita","139"
"2019-06-10","2019-06-17","NSW","34321"
"2019-06-10","2019-06-17","PS4","28762"
"2019-06-10","2019-06-17","XBOne","341"
"2019-06-17","2019-06-24","3DS","2362"
"2019-06-17","2019-06-24","Vita","128"
"2019-06-17","2019-06-24","NSW","29058"
"2019-06-17","2019-06-24","PS4","15711"
"2019-06-17","2019-06-24","XBOne","313"
"2019-06-24","2019-07-01","3DS","2713"
"2019-06-24","2019-07-01","Vita","115"
"2019-06-24","2019-07-01","NSW","59184"
"2019-06-24","2019-07-01","PS4","18773"
"2019-06-24","2019-07-01","XBOne","178"
"2019-07-01","2019-07-08","3DS","2550"
"2019-07-01","2019-07-08","Vita","206"
"2019-07-01","2019-07-08","NSW","75481"
"2019-07-01","2019-07-08","PS4","11303"
"2019-07-01","2019-07-08","XBOne","121"
"2019-07-08","2019-07-15","3DS","2361"
"2019-07-08","2019-07-15","Vita","179"
"2019-07-08","2019-07-15","NSW","55823"
"2019-07-08","2019-07-15","PS4","10941"
"2019-07-08","2019-07-15","XBOne","50"
"2019-07-15","2019-07-22","3DS","2517"
"2019-07-15","2019-07-22","Vita","315"
"2019-07-15","2019-07-22","NSW","45596"
"2019-07-15","2019-07-22","PS4","13484"
"2019-07-15","2019-07-22","XBOne","121"
"2019-07-22","2019-07-29","3DS","2667"
"2019-07-22","2019-07-29","Vita","243"
"2019-07-22","2019-07-29","NSW","42689"
"2019-07-22","2019-07-29","PS4","11182"
"2019-07-22","2019-07-29","XBOne","51"
"2019-07-29","2019-08-05","3DS","2610"
"2019-07-29","2019-08-05","Vita","115"
"2019-07-29","2019-08-05","NSW","36613"
"2019-07-29","2019-08-05","PS4","10054"
"2019-07-29","2019-08-05","XBOne","48"
"2019-08-05","2019-08-12","3DS","5397"
"2019-08-05","2019-08-12","Vita","81"
"2019-08-05","2019-08-12","NSW","41963"
"2019-08-05","2019-08-12","PS4","15002"
"2019-08-05","2019-08-12","XBOne","44"
"2019-08-12","2019-08-19","3DS","5544"
"2019-08-12","2019-08-19","Vita","134"
"2019-08-12","2019-08-19","NSW","50714"
"2019-08-12","2019-08-19","PS4","21391"
"2019-08-12","2019-08-19","XBOne","42"
"2019-08-19","2019-08-26","3DS","2227"
"2019-08-19","2019-08-26","Vita","67"
"2019-08-19","2019-08-26","NSW","30072"
"2019-08-19","2019-08-26","PS4","9746"
"2019-08-19","2019-08-26","XBOne","44"
"2019-08-26","2019-09-02","3DS","1934"
"2019-08-26","2019-09-02","Vita","50"
"2019-08-26","2019-09-02","NSW","90553"
"2019-08-26","2019-09-02","PS4","10924"
"2019-08-26","2019-09-02","XBOne","57"
"2019-09-02","2019-09-09","3DS","1518"
"2019-09-02","2019-09-09","Vita","34"
"2019-09-02","2019-09-09","NSW","77392"
"2019-09-02","2019-09-09","PS4","33728"
"2019-09-02","2019-09-09","XBOne","65"
"2019-09-09","2019-09-16","3DS","1849"
"2019-09-09","2019-09-16","Vita","42"
"2019-09-09","2019-09-16","NSW","51619"
"2019-09-09","2019-09-16","PS4","27437"
"2019-09-09","2019-09-16","XBOne","97"
"2019-09-16","2019-09-23","3DS","1687"
"2019-09-16","2019-09-23","Vita","28"
"2019-09-16","2019-09-23","NSW","239740"
"2019-09-16","2019-09-23","PS4","24857"
"2019-09-16","2019-09-23","XBOne","513"
"2019-09-23","2019-09-30","3DS","2384"
"2019-09-23","2019-09-30","Vita","39"
"2019-09-23","2019-09-30","NSW","196489"
"2019-09-23","2019-09-30","PS4","24658"
"2019-09-23","2019-09-30","XBOne","158"
"2019-09-30","2019-10-07","3DS","1303"
"2019-09-30","2019-10-07","Vita","32"
"2019-09-30","2019-10-07","NSW","89137"
"2019-09-30","2019-10-07","PS4","12388"
"2019-09-30","2019-10-07","XBOne","126"
"2019-10-07","2019-10-14","3DS","1041"
"2019-10-07","2019-10-14","Vita","26"
"2019-10-07","2019-10-14","NSW","56680"
"2019-10-07","2019-10-14","PS4","7849"
"2019-10-07","2019-10-14","XBOne","78"
"2019-10-14","2019-10-21","3DS","1110"
"2019-10-14","2019-10-21","Vita","27"
"2019-10-14","2019-10-21","NSW","54067"
"2019-10-14","2019-10-21","PS4","7362"
"2019-10-14","2019-10-21","XBOne","142"
"2019-10-21","2019-10-28","3DS","1241"
"2019-10-21","2019-10-28","Vita","23"
"2019-10-21","2019-10-28","NSW","69438"
"2019-10-21","2019-10-28","PS4","7422"
"2019-10-21","2019-10-28","XBOne","81"
"2019-10-28","2019-11-04","3DS","1070"
"2019-10-28","2019-11-04","Vita","41"
"2019-10-28","2019-11-04","NSW","119397"
"2019-10-28","2019-11-04","PS4","8338"
"2019-10-28","2019-11-04","XBOne","75"
"2019-11-04","2019-11-11","3DS","1774"
"2019-11-04","2019-11-11","Vita","22"
"2019-11-04","2019-11-11","NSW","88772"
"2019-11-04","2019-11-11","PS4","15810"
"2019-11-04","2019-11-11","XBOne","64"
"2019-11-11","2019-11-18","3DS","1262"
"2019-11-11","2019-11-18","Vita","20"
"2019-11-11","2019-11-18","NSW","180136"
"2019-11-11","2019-11-18","PS4","8094"
"2019-11-11","2019-11-18","XBOne","80"
"2019-11-18","2019-11-25","3DS","1073"
"2019-11-18","2019-11-25","Vita","23"
"2019-11-18","2019-11-25","NSW","179992"
"2019-11-18","2019-11-25","PS4","7073"
"2019-11-18","2019-11-25","XBOne","110"
"2019-11-25","2019-12-02","3DS","1580"
"2019-11-25","2019-12-02","Vita","26"
"2019-11-25","2019-12-02","NSW","186763"
"2019-11-25","2019-12-02","PS4","8626"
"2019-11-25","2019-12-02","XBOne","891"
"2019-12-02","2019-12-09","3DS","4074"
"2019-12-02","2019-12-09","Vita","45"
"2019-12-02","2019-12-09","NSW","188501"
"2019-12-02","2019-12-09","PS4","41401"
"2019-12-02","2019-12-09","XBOne","400"
"2019-12-09","2019-12-16","3DS","3694"
"2019-12-09","2019-12-16","Vita","51"
"2019-12-09","2019-12-16","NSW","236625"
"2019-12-09","2019-12-16","PS4","11216"
"2019-12-09","2019-12-16","XBOne","522"
"2019-12-16","2019-12-23","3DS","3316"
"2019-12-16","2019-12-23","Vita","38"
"2019-12-16","2019-12-23","NSW","291485"
"2019-12-16","2019-12-23","PS4","107313"
"2019-12-16","2019-12-23","XBOne","226"
"2019-12-23","2019-12-30","3DS","3045"
"2019-12-23","2019-12-30","Vita","53"
"2019-12-23","2019-12-30","NSW","234268"
"2019-12-23","2019-12-30","PS4","81349"
"2019-12-23","2019-12-30","XBOne","297"
"2019-12-30","2020-01-13","3DS","4973"
"2019-12-30","2020-01-13","NSW","401128"
"2019-12-30","2020-01-13","PS4","65603"
"2019-12-30","2020-01-13","XBOne","245"
"2020-01-13","2020-01-20","3DS","766"
"2020-01-13","2020-01-20","NSW","96458"
"2020-01-13","2020-01-20","PS4","6325"
"2020-01-13","2020-01-20","XBOne","74"
"2020-01-20","2020-01-27","3DS","718"
"2020-01-20","2020-01-27","NSW","67987"
"2020-01-20","2020-01-27","PS4","6330"
"2020-01-20","2020-01-27","XBOne","58"
"2020-01-27","2020-02-03","3DS","599"
"2020-01-27","2020-02-03","NSW","75922"
"2020-01-27","2020-02-03","PS4","6282"
"2020-01-27","2020-02-03","XBOne","38"
"2020-02-03","2020-02-10","3DS","580"
"2020-02-03","2020-02-10","NSW","100961"
"2020-02-03","2020-02-10","PS4","7007"
"2020-02-03","2020-02-10","XBOne","66"
"2020-02-10","2020-02-17","3DS","757"
"2020-02-10","2020-02-17","NSW","80312"
"2020-02-10","2020-02-17","PS4","7832"
"2020-02-10","2020-02-17","XBOne","41"
"2020-02-17","2020-02-24","3DS","1025"
"2020-02-17","2020-02-24","NSW","41490"
"2020-02-17","2020-02-24","PS4","6215"
"2020-02-17","2020-02-24","XBOne","42"
"2020-02-24","2020-03-02","3DS","1131"
"2020-02-24","2020-03-02","NSW","53098"
"2020-02-24","2020-03-02","PS4","9583"
"2020-02-24","2020-03-02","XBOne","72"
"2020-03-02","2020-03-09","3DS","1297"
"2020-03-02","2020-03-09","NSW","50585"
"2020-03-02","2020-03-09","PS4","13771"
"2020-03-02","2020-03-09","XBOne","89"
"2020-03-09","2020-03-16","3DS","1362"
"2020-03-09","2020-03-16","NSW","57274"
"2020-03-09","2020-03-16","PS4","14925"
"2020-03-09","2020-03-16","XBOne","58"
"2020-03-16","2020-03-23","3DS","1022"
"2020-03-16","2020-03-23","NSW","392576"
"2020-03-16","2020-03-23","PS4","15393"
"2020-03-16","2020-03-23","XBOne","311"
"2020-03-23","2020-03-30","3DS","940"
"2020-03-23","2020-03-30","NSW","282561"
"2020-03-23","2020-03-30","PS4","10820"
"2020-03-23","2020-03-30","XBOne","310"
"2020-03-30","2020-04-06","3DS","1230"
"2020-03-30","2020-04-06","NSW","154640"
"2020-03-30","2020-04-06","PS4","19535"
"2020-03-30","2020-04-06","XBOne","51"
"2020-04-06","2020-04-13","3DS","1614"
"2020-04-06","2020-04-13","NSW","25313"
"2020-04-06","2020-04-13","PS4","79059"
"2020-04-06","2020-04-13","XBOne","34"
"2020-04-13","2020-04-20","3DS","1571"
"2020-04-13","2020-04-20","NSW","27874"
"2020-04-13","2020-04-20","PS4","34500"
"2020-04-13","2020-04-20","XBOne","53"
"2020-04-20","2020-04-27","3DS","1784"
"2020-04-20","2020-04-27","NSW","107104"
"2020-04-20","2020-04-27","PS4","33056"
"2020-04-20","2020-04-27","XBOne","242"
"2020-04-27","2020-05-11","3DS","3422"
"2020-04-27","2020-05-11","NSW","157463"
"2020-04-27","2020-05-11","PS4","32478"
"2020-04-27","2020-05-11","XBOne","250"
"2020-05-11","2020-05-18","3DS","1028"
"2020-05-11","2020-05-18","NSW","38380"
"2020-05-11","2020-05-18","PS4","6241"
"2020-05-11","2020-05-18","XBOne","32"
"2020-05-18","2020-05-25","3DS","2084"
"2020-05-18","2020-05-25","NSW","52557"
"2020-05-18","2020-05-25","PS4","3771"
"2020-05-18","2020-05-25","XBOne","223"
"2020-05-25","2020-06-01","3DS","1157"
"2020-05-25","2020-06-01","NSW","107593"
"2020-05-25","2020-06-01","PS4","5867"
"2020-05-25","2020-06-01","XBOne","185"
"2020-06-01","2020-06-08","3DS","1180"
"2020-06-01","2020-06-08","NSW","68192"
"2020-06-01","2020-06-08","PS4","21291"
"2020-06-01","2020-06-08","XBOne","37"
"2020-06-08","2020-06-15","3DS","1004"
"2020-06-08","2020-06-15","NSW","55187"
"2020-06-08","2020-06-15","PS4","9283"
"2020-06-08","2020-06-15","XBOne","104"
"2020-06-15","2020-06-22","3DS","1152"
"2020-06-15","2020-06-22","NSW","78428"
"2020-06-15","2020-06-22","PS4","12844"
"2020-06-15","2020-06-22","XBOne","32"
"2020-06-22","2020-06-29","3DS","944"
"2020-06-22","2020-06-29","NSW","93799"
"2020-06-22","2020-06-29","PS4","7801"
"2020-06-22","2020-06-29","XBOne","40"
"2020-06-29","2020-07-06","3DS","933"
"2020-06-29","2020-07-06","NSW","52250"
"2020-06-29","2020-07-06","PS4","4558"
"2020-06-29","2020-07-06","XBOne","44"
"2020-07-06","2020-07-13","3DS","801"
"2020-07-06","2020-07-13","NSW","96879"
"2020-07-06","2020-07-13","PS4","3425"
"2020-07-06","2020-07-13","XBOne","35"
"2020-07-13","2020-07-20","3DS","903"
"2020-07-13","2020-07-20","NSW","113197"
"2020-07-13","2020-07-20","PS4","4523"
"2020-07-13","2020-07-20","XBOne","31"
"2020-07-20","2020-07-27","3DS","1042"
"2020-07-20","2020-07-27","NSW","125231"
"2020-07-20","2020-07-27","PS4","1434"
"2020-07-20","2020-07-27","XBOne","40"
"2020-07-27","2020-08-03","3DS","776"
"2020-07-27","2020-08-03","NSW","86605"
"2020-07-27","2020-08-03","PS4","4025"
"2020-07-27","2020-08-03","XBOne","41"
"2020-08-03","2020-08-17","3DS","2007"
"2020-08-03","2020-08-17","NSW","322037"
"2020-08-03","2020-08-17","PS4","8523"
"2020-08-03","2020-08-17","XBOne","94"
"2020-08-17","2020-08-24","3DS","1171"
"2020-08-17","2020-08-24","NSW","70129"
"2020-08-17","2020-08-24","PS4","883"
"2020-08-17","2020-08-24","XBOne","24"
"2020-08-24","2020-08-31","3DS","1011"
"2020-08-24","2020-08-31","NSW","78773"
"2020-08-24","2020-08-31","PS4","1926"
"2020-08-24","2020-08-31","XBOne","28"
"2020-08-31","2020-09-07","3DS","923"
"2020-08-31","2020-09-07","NSW","77611"
"2020-08-31","2020-09-07","PS4","1816"
"2020-08-31","2020-09-07","XBOne","29"
"2020-09-07","2020-09-14","3DS","849"
"2020-09-07","2020-09-14","NSW","83920"
"2020-09-07","2020-09-14","PS4","2161"
"2020-09-07","2020-09-14","XBOne","35"
"2020-09-14","2020-09-21","3DS","5272"
"2020-09-14","2020-09-21","NSW","110029"
"2020-09-14","2020-09-21","PS4","1801"
"2020-09-14","2020-09-21","XBOne","31"
"2020-09-21","2020-09-28","3DS","3828"
"2020-09-21","2020-09-28","NSW","70542"
"2020-09-21","2020-09-28","PS4","2954"
"2020-09-21","2020-09-28","XBOne","29"
"2020-09-28","2020-10-05","3DS","1568"
"2020-09-28","2020-10-05","NSW","91093"
"2020-09-28","2020-10-05","PS4","6539"
"2020-09-28","2020-10-05","XBOne","25"
"2020-10-05","2020-10-12","3DS","947"
"2020-10-05","2020-10-12","NSW","108575"
"2020-10-05","2020-10-12","PS4","4533"
"2020-10-05","2020-10-12","XBOne","30"
"2020-10-12","2020-10-19","3DS","856"
"2020-10-12","2020-10-19","NSW","95852"
"2020-10-12","2020-10-19","PS4","3517"
"2020-10-12","2020-10-19","XBOne","58"
"2020-10-19","2020-10-26","3DS","856"
"2020-10-19","2020-10-26","NSW","64768"
"2020-10-19","2020-10-26","PS4","3137"
"2020-10-19","2020-10-26","XBOne","47"
"2020-10-26","2020-11-02","3DS","1467"
"2020-10-26","2020-11-02","NSW","86985"
"2020-10-26","2020-11-02","PS4","3150"
"2020-10-26","2020-11-02","XBOne","36"
"2020-11-02","2020-11-09","3DS","561"
"2020-11-02","2020-11-09","NSW","139200"
"2020-11-02","2020-11-09","PS4","3275"
"2020-11-02","2020-11-09","XBOne","29"
"2020-11-09","2020-11-16","3DS","497"
"2020-11-09","2020-11-16","NSW","116267"
"2020-11-09","2020-11-16","PS4","2974"
"2020-11-09","2020-11-16","PS5","118085"
"2020-11-09","2020-11-16","XBOne","25"
"2020-11-09","2020-11-16","XSX","20534"
"2020-11-16","2020-11-23","3DS","588"
"2020-11-16","2020-11-23","NSW","179143"
"2020-11-16","2020-11-23","PS4","2767"
"2020-11-16","2020-11-23","PS5","42891"
"2020-11-16","2020-11-23","XBOne","29"
"2020-11-16","2020-11-23","XSX","3684"
"2020-11-23","2020-11-30","3DS","520"
"2020-11-23","2020-11-30","NSW","145178"
"2020-11-23","2020-11-30","PS4","3644"
"2020-11-23","2020-11-30","PS5","40459"
"2020-11-23","2020-11-30","XBOne","32"
"2020-11-23","2020-11-30","XSX","3593"
"2020-11-30","2020-12-07","3DS","490"
"2020-11-30","2020-12-07","NSW","204622"
"2020-11-30","2020-12-07","PS4","3055"
"2020-11-30","2020-12-07","PS5","11893"
"2020-11-30","2020-12-07","XBOne","28"
"2020-11-30","2020-12-07","XSX","1622"
"2020-12-07","2020-12-14","3DS","553"
"2020-12-07","2020-12-14","NSW","229698"
"2020-12-07","2020-12-14","PS4","9154"
"2020-12-07","2020-12-14","PS5","11056"
"2020-12-07","2020-12-14","XBOne","38"
"2020-12-07","2020-12-14","XSX","1411"
"2020-12-14","2020-12-21","3DS","583"
"2020-12-14","2020-12-21","NSW","263304"
"2020-12-14","2020-12-21","PS4","10343"
"2020-12-14","2020-12-21","PS5","17578"
"2020-12-14","2020-12-21","XBOne","33"
"2020-12-14","2020-12-21","XSX","375"
"2020-12-21","2020-12-28","3DS","419"
"2020-12-21","2020-12-28","NSW","278173"
"2020-12-21","2020-12-28","PS4","12718"
"2020-12-21","2020-12-28","PS5","13188"
"2020-12-21","2020-12-28","XBOne","27"
"2020-12-21","2020-12-28","XSX","205"
"2020-12-28","2021-01-04","3DS","963"
"2020-12-28","2021-01-04","NSW","312121"
"2020-12-28","2021-01-04","PS4","17876"
"2020-12-28","2021-01-04","PS5","10632"
"2020-12-28","2021-01-04","XSX","134"
"2021-01-04","2021-01-11","3DS","551"
"2021-01-04","2021-01-11","NSW","167596"
"2021-01-04","2021-01-11","PS4","6820"
"2021-01-04","2021-01-11","PS5","11164"
"2021-01-04","2021-01-11","XSX","109"
"2021-01-11","2021-01-18","3DS","546"
"2021-01-11","2021-01-18","NSW","170691"
"2021-01-11","2021-01-18","PS4","3422"
"2021-01-11","2021-01-18","PS5","7328"
"2021-01-11","2021-01-18","XSX","160"
"2021-01-18","2021-01-25","3DS","439"
"2021-01-18","2021-01-25","NSW","110811"
"2021-01-18","2021-01-25","PS4","3263"
"2021-01-18","2021-01-25","PS5","17348"
"2021-01-18","2021-01-25","XSX","424"
"2021-01-25","2021-02-01","3DS","588"
"2021-01-25","2021-02-01","NSW","114170"
"2021-01-25","2021-02-01","PS4","3873"
"2021-01-25","2021-02-01","PS5","25948"
"2021-01-25","2021-02-01","XSX","1099"
"2021-02-01","2021-02-08","3DS","824"
"2021-02-01","2021-02-08","NSW","88485"
"2021-02-01","2021-02-08","PS4","3229"
"2021-02-01","2021-02-08","PS5","13524"
"2021-02-01","2021-02-08","XSX","314"
"2021-02-08","2021-02-15","3DS","797"
"2021-02-08","2021-02-15","NSW","109615"
"2021-02-08","2021-02-15","PS4","4407"
"2021-02-08","2021-02-15","PS5","22890"
"2021-02-08","2021-02-15","XSX","136"
"2021-02-15","2021-02-22","3DS","827"
"2021-02-15","2021-02-22","NSW","74298"
"2021-02-15","2021-02-22","PS4","2949"
"2021-02-15","2021-02-22","PS5","25037"
"2021-02-15","2021-02-22","XSX","230"
"2021-02-22","2021-03-01","3DS","673"
"2021-02-22","2021-03-01","NSW","78049"
"2021-02-22","2021-03-01","PS4","3217"
"2021-02-22","2021-03-01","PS5","33838"
"2021-02-22","2021-03-01","XSX","1487"
"2021-03-01","2021-03-08","3DS","790"
"2021-03-01","2021-03-08","NSW","89927"
"2021-03-01","2021-03-08","PS4","3145"
"2021-03-01","2021-03-08","PS5","22549"
"2021-03-01","2021-03-08","XSX","566"
"2021-03-08","2021-03-15","3DS","872"
"2021-03-08","2021-03-15","NSW","72610"
"2021-03-08","2021-03-15","PS4","2921"
"2021-03-08","2021-03-15","PS5","37851"
"2021-03-08","2021-03-15","XSX","718"
"2021-03-15","2021-03-22","3DS","814"
"2021-03-15","2021-03-22","NSW","89104"
"2021-03-15","2021-03-22","PS4","2578"
"2021-03-15","2021-03-22","PS5","34657"
"2021-03-15","2021-03-22","XSX","1929"
"2021-03-22","2021-03-29","3DS","933"
"2021-03-22","2021-03-29","NSW","267497"
"2021-03-22","2021-03-29","PS4","2189"
"2021-03-22","2021-03-29","PS5","62295"
"2021-03-22","2021-03-29","XSX","1279"
"2021-03-29","2021-04-05","3DS","752"
"2021-03-29","2021-04-05","NSW","135076"
"2021-03-29","2021-04-05","PS4","1591"
"2021-03-29","2021-04-05","PS5","20755"
"2021-03-29","2021-04-05","XSX","159"
"2021-04-05","2021-04-12","3DS","622"
"2021-04-05","2021-04-12","NSW","96259"
"2021-04-05","2021-04-12","PS4","1430"
"2021-04-05","2021-04-12","PS5","15560"
"2021-04-05","2021-04-12","XSX","571"
"2021-04-12","2021-04-19","3DS","498"
"2021-04-12","2021-04-19","NSW","94057"
"2021-04-12","2021-04-19","PS4","1660"
"2021-04-12","2021-04-19","PS5","22095"
"2021-04-12","2021-04-19","XSX","545"
"2021-04-19","2021-04-26","3DS","564"
"2021-04-19","2021-04-26","NSW","105833"
"2021-04-19","2021-04-26","PS4","818"
"2021-04-19","2021-04-26","PS5","20157"
"2021-04-19","2021-04-26","XSX","106"
"2021-04-26","2021-05-10","3DS","1027"
"2021-04-26","2021-05-10","NSW","236028"
"2021-04-26","2021-05-10","PS4","2584"
"2021-04-26","2021-05-10","PS5","53640"
"2021-04-26","2021-05-10","XSX","1207"
"2021-05-10","2021-05-17","3DS","495"
"2021-05-10","2021-05-17","NSW","95411"
"2021-05-10","2021-05-17","PS4","1226"
"2021-05-10","2021-05-17","PS5","14044"
"2021-05-10","2021-05-17","XSX","1183"
"2021-05-17","2021-05-24","3DS","376"
"2021-05-17","2021-05-24","NSW","99118"
"2021-05-17","2021-05-24","PS4","1298"
"2021-05-17","2021-05-24","PS5","16264"
"2021-05-17","2021-05-24","XSX","1176"
"2021-05-24","2021-05-31","3DS","425"
"2021-05-24","2021-05-31","NSW","71148"
"2021-05-24","2021-05-31","PS4","2562"
"2021-05-24","2021-05-31","PS5","39324"
"2021-05-24","2021-05-31","XSX","547"
"2021-05-31","2021-06-07","3DS","341"
"2021-05-31","2021-06-07","NSW","97208"
"2021-05-31","2021-06-07","PS4","2725"
"2021-05-31","2021-06-07","PS5","18330"
"2021-05-31","2021-06-07","XSX","630"
"2021-06-07","2021-06-14","3DS","395"
"2021-06-07","2021-06-14","NSW","78317"
"2021-06-07","2021-06-14","PS4","1185"
"2021-06-07","2021-06-14","PS5","19419"
"2021-06-07","2021-06-14","XSX","2694"
"2021-06-14","2021-06-21","3DS","481"
"2021-06-14","2021-06-21","NSW","75077"
"2021-06-14","2021-06-21","PS4","667"
"2021-06-14","2021-06-21","PS5","15346"
"2021-06-14","2021-06-21","XSX","3684"
"2021-06-21","2021-06-28","3DS","519"
"2021-06-21","2021-06-28","NSW","72951"
"2021-06-21","2021-06-28","PS4","2548"
"2021-06-21","2021-06-28","PS5","23438"
"2021-06-21","2021-06-28","XSX","4113"
"2021-06-28","2021-07-05","3DS","732"
"2021-06-28","2021-07-05","NSW","84494"
"2021-06-28","2021-07-05","PS4","1159"
"2021-06-28","2021-07-05","PS5","16354"
"2021-06-28","2021-07-05","XSX","3470"
"2021-07-05","2021-07-12","3DS","628"
"2021-07-05","2021-07-12","NSW","69283"
"2021-07-05","2021-07-12","PS4","678"
"2021-07-05","2021-07-12","PS5","14404"
"2021-07-05","2021-07-12","XSX","1066"
"2021-07-12","2021-07-19","3DS","584"
"2021-07-12","2021-07-19","NSW","64107"
"2021-07-12","2021-07-19","PS4","295"
"2021-07-12","2021-07-19","PS5","10107"
"2021-07-12","2021-07-19","XSX","1874"
"2021-07-19","2021-07-26","3DS","491"
"2021-07-19","2021-07-26","NSW","69738"
"2021-07-19","2021-07-26","PS4","1685"
"2021-07-19","2021-07-26","PS5","18114"
"2021-07-19","2021-07-26","XSX","4684"
"2021-07-26","2021-08-02","3DS","358"
"2021-07-26","2021-08-02","NSW","62865"
"2021-07-26","2021-08-02","PS4","1209"
"2021-07-26","2021-08-02","PS5","22641"
"2021-07-26","2021-08-02","XSX","1802"
"2021-08-02","2021-08-09","3DS","323"
"2021-08-02","2021-08-09","NSW","72773"
"2021-08-02","2021-08-09","PS4","1435"
"2021-08-02","2021-08-09","PS5","13530"
"2021-08-02","2021-08-09","XSX","1069"
"2021-08-09","2021-08-16","3DS","539"
"2021-08-09","2021-08-16","NSW","89732"
"2021-08-09","2021-08-16","PS4","1170"
"2021-08-09","2021-08-16","PS5","9056"
"2021-08-09","2021-08-16","XSX","1256"
"2021-08-16","2021-08-23","3DS","522"
"2021-08-16","2021-08-23","NSW","72527"
"2021-08-16","2021-08-23","PS4","943"
"2021-08-16","2021-08-23","PS5","12638"
"2021-08-16","2021-08-23","XSX","5782"
"2021-08-23","2021-08-30","3DS","509"
"2021-08-23","2021-08-30","NSW","63254"
"2021-08-23","2021-08-30","PS4","2067"
"2021-08-23","2021-08-30","PS5","20154"
"2021-08-23","2021-08-30","XSX","5669"
"2021-08-30","2021-09-06","3DS","746"
"2021-08-30","2021-09-06","NSW","60942"
"2021-08-30","2021-09-06","PS4","1431"
"2021-08-30","2021-09-06","PS5","17075"
"2021-08-30","2021-09-06","XSX","2605"
"2021-09-06","2021-09-13","3DS","789"
"2021-09-06","2021-09-13","NSW","67114"
"2021-09-06","2021-09-13","PS4","1763"
"2021-09-06","2021-09-13","PS5","16975"
"2021-09-06","2021-09-13","XSX","2089"
"2021-09-13","2021-09-20","3DS","643"
"2021-09-13","2021-09-20","NSW","40068"
"2021-09-13","2021-09-20","PS4","747"
"2021-09-13","2021-09-20","PS5","16084"
"2021-09-13","2021-09-20","XSX","4376"
"2021-09-20","2021-09-27","3DS","588"
"2021-09-20","2021-09-27","NSW","46297"
"2021-09-20","2021-09-27","PS4","1641"
"2021-09-20","2021-09-27","PS5","26481"
"2021-09-20","2021-09-27","XSX","2643"
"2021-09-27","2021-10-04","3DS","474"
"2021-09-27","2021-10-04","NSW","40463"
"2021-09-27","2021-10-04","PS4","933"
"2021-09-27","2021-10-04","PS5","12822"
"2021-09-27","2021-10-04","XSX","4135"
"2021-10-04","2021-10-11","3DS","405"
"2021-10-04","2021-10-11","NSW","179851"
"2021-10-04","2021-10-11","PS4","961"
"2021-10-04","2021-10-11","PS5","15885"
"2021-10-04","2021-10-11","XSX","3447"
"2021-10-11","2021-10-18","3DS","373"
"2021-10-11","2021-10-18","NSW","72944"
"2021-10-11","2021-10-18","PS4","613"
"2021-10-11","2021-10-18","PS5","18709"
"2021-10-11","2021-10-18","XSX","4187"
"2021-10-18","2021-10-25","3DS","449"
"2021-10-18","2021-10-25","NSW","108122"
"2021-10-18","2021-10-25","PS4","462"
"2021-10-18","2021-10-25","PS5","14280"
"2021-10-18","2021-10-25","XSX","3889"
"2021-10-25","2021-11-01","3DS","366"
"2021-10-25","2021-11-01","NSW","74803"
"2021-10-25","2021-11-01","PS4","1975"
"2021-10-25","2021-11-01","PS5","24016"
"2021-10-25","2021-11-01","XSX","2862"
"2021-11-01","2021-11-08","3DS","433"
"2021-11-01","2021-11-08","NSW","90517"
"2021-11-01","2021-11-08","PS4","709"
"2021-11-01","2021-11-08","PS5","10120"
"2021-11-01","2021-11-08","XSX","2593"
"2021-11-08","2021-11-15","3DS","417"
"2021-11-08","2021-11-15","NSW","87267"
"2021-11-08","2021-11-15","PS4","1399"
"2021-11-08","2021-11-15","PS5","4910"
"2021-11-08","2021-11-15","XSX","2593"
"2021-11-15","2021-11-22","3DS","365"
"2021-11-15","2021-11-22","NSW","167778"
"2021-11-15","2021-11-22","PS4","188"
"2021-11-15","2021-11-22","PS5","4307"
"2021-11-15","2021-11-22","XSX","3422"
"2021-11-22","2021-11-29","3DS","477"
"2021-11-22","2021-11-29","NSW","122573"
"2021-11-22","2021-11-29","PS4","84"
"2021-11-22","2021-11-29","PS5","8987"
"2021-11-22","2021-11-29","XSX","633"
"2021-11-29","2021-12-06","3DS","423"
"2021-11-29","2021-12-06","NSW","202937"
"2021-11-29","2021-12-06","PS4","116"
"2021-11-29","2021-12-06","PS5","1919"
"2021-11-29","2021-12-06","XSX","558"
"2021-12-06","2021-12-13","3DS","391"
"2021-12-06","2021-12-13","NSW","192335"
"2021-12-06","2021-12-13","PS4","103"
"2021-12-06","2021-12-13","PS5","1133"
"2021-12-06","2021-12-13","XSX","805"
"2021-12-13","2021-12-20","3DS","302"
"2021-12-13","2021-12-20","NSW","176832"
"2021-12-13","2021-12-20","PS4","61"
"2021-12-13","2021-12-20","PS5","8664"
"2021-12-13","2021-12-20","XSX","2889"
"2021-12-20","2021-12-27","3DS","101"
"2021-12-20","2021-12-27","NSW","198054"
"2021-12-20","2021-12-27","PS4","44"
"2021-12-20","2021-12-27","PS5","25387"
"2021-12-20","2021-12-27","XSX","1636"
"2021-12-27","2022-01-03","3DS","569"
"2021-12-27","2022-01-03","NSW","195926"
"2021-12-27","2022-01-03","PS4","24"
"2021-12-27","2022-01-03","PS5","46677"
"2021-12-27","2022-01-03","XSX","523"
"2022-01-03","2022-01-10","3DS","609"
"2022-01-03","2022-01-10","NSW","148691"
"2022-01-03","2022-01-10","PS4","15"
"2022-01-03","2022-01-10","PS5","10677"
"2022-01-03","2022-01-10","XSX","263"
"2022-01-10","2022-01-17","3DS","489"
"2022-01-10","2022-01-17","NSW","94523"
"2022-01-10","2022-01-17","PS4","17"
"2022-01-10","2022-01-17","PS5","14453"
"2022-01-10","2022-01-17","XSX","2267"
"2022-01-17","2022-01-24","3DS","325"
"2022-01-17","2022-01-24","NSW","77219"
"2022-01-17","2022-01-24","PS4","14"
"2022-01-17","2022-01-24","PS5","18857"
"2022-01-17","2022-01-24","XSX","2627"
"2022-01-24","2022-01-31","3DS","267"
"2022-01-24","2022-01-31","NSW","99078"
"2022-01-24","2022-01-31","PS4","11"
"2022-01-24","2022-01-31","PS5","23339"
"2022-01-24","2022-01-31","XSX","1696"
"2022-01-31","2022-02-07","3DS","264"
"2022-01-31","2022-02-07","NSW","92452"
"2022-01-31","2022-02-07","PS4","8"
"2022-01-31","2022-02-07","PS5","16888"
"2022-01-31","2022-02-07","XSX","5990"
"2022-02-07","2022-02-14","3DS","360"
"2022-02-07","2022-02-14","NSW","118065"
"2022-02-07","2022-02-14","PS4","4"
"2022-02-07","2022-02-14","PS5","6418"
"2022-02-07","2022-02-14","XSX","5955"
"2022-02-14","2022-02-21","3DS","364"
"2022-02-14","2022-02-21","NSW","96929"
"2022-02-14","2022-02-21","PS4","11"
"2022-02-14","2022-02-21","PS5","25434"
"2022-02-14","2022-02-21","XSX","4799"
"2022-02-21","2022-02-28","3DS","511"
"2022-02-21","2022-02-28","NSW","70232"
"2022-02-21","2022-02-28","PS4","17"
"2022-02-21","2022-02-28","PS5","17032"
"2022-02-21","2022-02-28","XSX","4285"
"2022-02-28","2022-03-07","3DS","511"
"2022-02-28","2022-03-07","NSW","96952"
"2022-02-28","2022-03-07","PS4","11"
"2022-02-28","2022-03-07","PS5","25679"
"2022-02-28","2022-03-07","XSX","1321"
"2022-03-07","2022-03-14","3DS","461"
"2022-03-07","2022-03-14","NSW","98246"
"2022-03-07","2022-03-14","PS4","16"
"2022-03-07","2022-03-14","PS5","16286"
"2022-03-07","2022-03-14","XSX","1962"
"2022-03-14","2022-03-21","3DS","287"
"2022-03-14","2022-03-21","NSW","85497"
"2022-03-14","2022-03-21","PS4","10"
"2022-03-14","2022-03-21","PS5","16968"
"2022-03-14","2022-03-21","XSX","3554"
"2022-03-21","2022-03-28","3DS","280"
"2022-03-21","2022-03-28","NSW","83800"
"2022-03-21","2022-03-28","PS4","13"
"2022-03-21","2022-03-28","PS5","35474"
"2022-03-21","2022-03-28","XSX","390"
"2022-03-28","2022-04-04","3DS","305"
"2022-03-28","2022-04-04","NSW","67164"
"2022-03-28","2022-04-04","PS4","12"
"2022-03-28","2022-04-04","PS5","30666"
"2022-03-28","2022-04-04","XSX","4409"
"2022-04-04","2022-04-11","3DS","194"
"2022-04-04","2022-04-11","NSW","61162"
"2022-04-04","2022-04-11","PS4","14"
"2022-04-04","2022-04-11","PS5","11224"
"2022-04-04","2022-04-11","XSX","4068"
"2022-04-11","2022-04-18","3DS","224"
"2022-04-11","2022-04-18","NSW","60289"
"2022-04-11","2022-04-18","PS4","15"
"2022-04-11","2022-04-18","PS5","11259"
"2022-04-11","2022-04-18","XSX","5742"
"2022-04-18","2022-04-25","3DS","205"
"2022-04-18","2022-04-25","NSW","57490"
"2022-04-18","2022-04-25","PS4","12"
"2022-04-18","2022-04-25","PS5","17681"
"2022-04-18","2022-04-25","XSX","6025"
"2022-04-25","2022-05-09","3DS","452"
"2022-04-25","2022-05-09","NSW","176592"
"2022-04-25","2022-05-09","PS4","81"
"2022-04-25","2022-05-09","PS5","49798"
"2022-04-25","2022-05-09","XSX","14118"
"2022-05-09","2022-05-16","3DS","235"
"2022-05-09","2022-05-16","NSW","65322"
"2022-05-09","2022-05-16","PS4","22"
"2022-05-09","2022-05-16","PS5","2693"
"2022-05-09","2022-05-16","XSX","6225"
"2022-05-16","2022-05-23","3DS","256"
"2022-05-16","2022-05-23","NSW","64839"
"2022-05-16","2022-05-23","PS4","20"
"2022-05-16","2022-05-23","PS5","14277"
"2022-05-16","2022-05-23","XSX","7131"
