end_date,3DS,DC,DS,GB,GBA,GC,N64,NeoGeoP,Switch,PS,PS2,PS3,PS4,PS5,PSP,WS,SATURN,Vita,Wii,WiiU,XB360,XBOne,XSX,Xbox,PKS
1998-10-18,,,,10867.0,,,2965.0,,,20918.0,,,,,,,858.0,,,,,,,,
1998-10-25,,,,163017.0,,,3813.0,,,21151.0,,,,,,,1061.0,,,,,,,,
1998-11-01,,,,71679.0,,,3787.0,21471.0,,20128.0,,,,,,,1027.0,,,,,,,,
1998-11-08,,,,52586.0,,,4962.0,4688.0,,27171.0,,,,,,,824.0,,,,,,,,
1998-11-15,,,,37727.0,,,4972.0,3165.0,,23575.0,,,,,,,1144.0,,,,,,,,
1998-11-22,,,,58865.0,,,35419.0,1717.0,,17374.0,,,,,,,528.0,,,,,,,,
1998-11-29,,101490.0,,67224.0,,,29835.0,1922.0,,27060.0,,,,,,,,,,,,,,,
1998-12-06,,31576.0,,58727.0,,,23859.0,1645.0,,31103.0,,,,,,,,,,,,,,,
1998-12-13,,27995.0,,116901.0,,,74002.0,2107.0,,81548.0,,,,,,,,,,,,,,,
1998-12-20,,42024.0,,214899.0,,,115411.0,1787.0,,82128.0,,,,,,,,,,,,,,,
1998-12-27,,67010.0,,206372.0,,,96522.0,2136.0,,138185.0,,,,,,,,,,,,,,,
1999-01-03,,67010.0,,206372.0,,,96522.0,2136.0,,138185.0,,,,,,,,,,,,,,,
1999-01-10,,28830.0,,136137.0,,,40364.0,2131.0,,74563.0,,,,,,,,,,,,,,,
1999-01-17,,27439.0,,64928.0,,,17914.0,2014.0,,45083.0,,,,,,,,,,,,,,,
1999-01-24,,22788.0,,58827.0,,,14547.0,1275.0,,45308.0,,,,,,,,,,,,,,,64340.0
1999-01-31,,37249.0,,46854.0,,,15189.0,874.0,,56471.0,,,,,,,,,,,,,,,21776.0
1999-02-07,,20327.0,,38348.0,,,11902.0,879.0,,60266.0,,,,,,,,,,,,,,,29533.0
1999-02-14,,15160.0,,39090.0,,,12341.0,588.0,,74300.0,,,,,,,,,,,,,,,19217.0
1999-02-28,,22797.0,,52390.0,,,19109.0,764.0,,105677.0,,,,,,,,,,,,,,,104817.0
1999-03-07,,13362.0,,26972.0,,,10612.0,589.0,,48147.0,,,,,,102655.0,,,,,,,,,50618.0
1999-03-14,,9232.0,,36610.0,,,12612.0,294.0,,40040.0,,,,,,51357.0,,,,,,,,,57386.0
1999-03-21,,8952.0,,31294.0,,,17681.0,18809.0,,51883.0,,,,,,23192.0,,,,,,,,,52431.0
1999-03-28,,16657.0,,40726.0,,,23242.0,6874.0,,47454.0,,,,,,31868.0,,,,,,,,,41348.0
1999-04-04,,14675.0,,40738.0,,,17098.0,4464.0,,43547.0,,,,,,24864.0,,,,,,,,,34390.0
1999-04-11,,13348.0,,32870.0,,,12129.0,2957.0,,36288.0,,,,,,15599.0,,,,,,,,,46705.0
1999-04-18,,6747.0,,26770.0,,,10296.0,4378.0,,29360.0,,,,,,10054.0,,,,,,,,,67061.0
1999-04-25,,7441.0,,42306.0,,,14971.0,3724.0,,35705.0,,,,,,20954.0,,,,,,,,,51423.0
1999-05-02,,7441.0,,42306.0,,,14971.0,3724.0,,35705.0,,,,,,20954.0,,,,,,,,,51423.0
1999-05-09,,7392.0,,62515.0,,,29476.0,4410.0,,39929.0,,,,,,18856.0,,,,,,,,,15136.0
1999-05-16,,4458.0,,29817.0,,,7606.0,2353.0,,21472.0,,,,,,10740.0,,,,,,,,,30726.0
1999-05-23,,3344.0,,19905.0,,,5041.0,1652.0,,19128.0,,,,,,11857.0,,,,,,,,,29996.0
1999-05-30,,4743.0,,21518.0,,,8697.0,2199.0,,26245.0,,,,,,12980.0,,,,,,,,,29419.0
1999-06-06,,2567.0,,22471.0,,,5775.0,1763.0,,22834.0,,,,,,15052.0,,,,,,,,,25377.0
1999-06-13,,676.0,,14670.0,,,10174.0,1447.0,,19220.0,,,,,,11053.0,,,,,,,,,27344.0
1999-06-20,,479.0,,20903.0,,,9280.0,1953.0,,19435.0,,,,,,8889.0,,,,,,,,,31833.0
1999-06-27,,45058.0,,17043.0,,,9412.0,2208.0,,26392.0,,,,,,7369.0,,,,,,,,,30077.0
1999-07-04,,25249.0,,18546.0,,,9471.0,1320.0,,33946.0,,,,,,9954.0,,,,,,,,,37587.0
1999-07-11,,20741.0,,29085.0,,,11246.0,1457.0,,32601.0,,,,,,9943.0,,,,,,,,,27019.0
1999-07-18,,17939.0,,26565.0,,,17414.0,1581.0,,33633.0,,,,,,6884.0,,,,,,,,,48382.0
1999-07-25,,16531.0,,36418.0,,,14889.0,1691.0,,37650.0,,,,,,15913.0,,,,,,,,,102155.0
1999-08-01,,19960.0,,37199.0,,,10006.0,1534.0,,24949.0,,,,,,15165.0,,,,,,,,,97303.0
1999-08-08,,39054.0,,56206.0,,,17197.0,1530.0,,39217.0,,,,,,24191.0,,,,,,,,,93436.0
1999-08-15,,39054.0,,56206.0,,,17197.0,1530.0,,39217.0,,,,,,24191.0,,,,,,,,,93436.0
1999-08-22,,22944.0,,51318.0,,,13134.0,1739.0,,33267.0,,,,,,17385.0,,,,,,,,,94501.0
1999-08-29,,27652.0,,32523.0,,,8477.0,1251.0,,23719.0,,,,,,12706.0,,,,,,,,,80119.0
1999-09-05,,26453.0,,30778.0,,,7157.0,1216.0,,27125.0,,,,,,10959.0,,,,,,,,,79918.0
1999-09-19,,15284.0,,27067.0,,,6011.0,671.0,,22022.0,,,,,,7764.0,,,,,,,,,74235.0
1999-09-26,,16569.0,,32429.0,,,5271.0,526.0,,25996.0,,,,,,6050.0,,,,,,,,,77811.0
1999-10-03,,32354.0,,41741.0,,,5173.0,174.0,,21442.0,,,,,,5054.0,,,,,,,,,81518.0
1999-10-10,,16519.0,,31884.0,,,5229.0,57.0,,17169.0,,,,,,5082.0,,,,,,,,,58602.0
1999-10-17,,13308.0,,35951.0,,,5724.0,54.0,,16828.0,,,,,,4007.0,,,,,,,,,55929.0
1999-10-24,,9558.0,,34327.0,,,5608.0,13198.0,,14868.0,,,,,,4962.0,,,,,,,,,60629.0
1999-10-31,,13426.0,,38399.0,,,6267.0,6837.0,,15238.0,,,,,,3979.0,,,,,,,,,58804.0
1999-11-07,,12846.0,,34370.0,,,6581.0,3897.0,,14000.0,,,,,,2813.0,,,,,,,,,43781.0
1999-11-14,,11530.0,,28371.0,,,4498.0,3247.0,,13346.0,,,,,,4995.0,,,,,,,,,36862.0
1999-11-21,,9253.0,,73672.0,,,5629.0,3937.0,,14100.0,,,,,,2449.0,,,,,,,,,32404.0
1999-11-28,,14879.0,,82401.0,,,8494.0,1850.0,,17057.0,,,,,,6837.0,,,,,,,,,44666.0
1999-12-05,,18902.0,,78958.0,,,7659.0,5710.0,,17221.0,,,,,,1954.0,,,,,,,,,71989.0
1999-12-12,,21067.0,,115832.0,,,19451.0,1769.0,,31788.0,,,,,,16678.0,,,,,,,,,80470.0
1999-12-19,,27062.0,,162643.0,,,26041.0,2148.0,,47721.0,,,,,,24354.0,,,,,,,,,
1999-12-26,,41889.0,,175457.0,,,31370.0,7093.0,,55065.0,,,,,,34190.0,,,,,,,,,105901.0
2000-01-02,,41889.0,,175457.0,,,31370.0,7093.0,,55065.0,,,,,,34190.0,,,,,,,,,105901.0
2000-01-09,,39666.0,,16929.0,,,20501.0,7657.0,,39974.0,,,,,,14456.0,,,,,,,,,93580.0
2000-01-16,,16912.0,,38107.0,,,6401.0,4648.0,,23117.0,,,,,,6664.0,,,,,,,,,50587.0
2000-01-23,,12813.0,,49516.0,,,5368.0,3795.0,,15269.0,,,,,,7263.0,,,,,,,,,37509.0
2000-01-30,,12718.0,,63990.0,,,5072.0,4488.0,,12834.0,,,,,,7626.0,,,,,,,,,39951.0
2000-02-06,,18957.0,,91490.0,,,3197.0,4110.0,,9883.0,,,,,,5549.0,,,,,,,,,29986.0
2000-02-13,,12794.0,,58307.0,,,3695.0,4386.0,,8801.0,,,,,,5966.0,,,,,,,,,26972.0
2000-02-20,,9948.0,,60771.0,,,3016.0,3283.0,,6237.0,,,,,,4303.0,,,,,,,,,19904.0
2000-02-27,,8983.0,,62361.0,,,3003.0,2613.0,,5733.0,,,,,,7555.0,,,,,,,,,18841.0
2000-03-05,,8256.0,,51133.0,,,3036.0,2991.0,,4593.0,630552.0,,,,,5076.0,,,,,,,,,16410.0
2000-03-12,,7164.0,,49903.0,,,2874.0,2441.0,,4455.0,154245.0,,,,,4644.0,,,,,,,,,17505.0
2000-03-19,,7080.0,,52374.0,,,2921.0,2961.0,,4937.0,71780.0,,,,,4753.0,,,,,,,,,15819.0
2000-03-26,,8561.0,,57380.0,,,4016.0,3674.0,,52445.0,112620.0,,,,,9921.0,,,,,,,,,18194.0
2000-04-02,,8603.0,,48213.0,,,5340.0,2633.0,,3932.0,165685.0,,,,,5278.0,,,,,,,,,17593.0
2000-04-09,,6742.0,,37117.0,,,3365.0,2474.0,,3790.0,119430.0,,,,,5176.0,,,,,,,,,14237.0
2000-04-16,,6840.0,,30476.0,,,3399.0,2337.0,,3526.0,75704.0,,,,,3203.0,,,,,,,,,17618.0
2000-04-23,,4874.0,,30142.0,,,3539.0,1917.0,,3364.0,74350.0,,,,,3218.0,,,,,,,,,10023.0
2000-04-30,,6666.0,,36296.0,,,8630.0,2448.0,,2782.0,58151.0,,,,,3905.0,,,,,,,,,13444.0
2000-05-07,,6666.0,,36296.0,,,8630.0,2448.0,,2782.0,58151.0,,,,,3905.0,,,,,,,,,13444.0
2000-05-14,,4548.0,,21443.0,,,2945.0,1376.0,,1381.0,43587.0,,,,,2968.0,,,,,,,,,9965.0
2000-05-21,,5578.0,,17948.0,,,2606.0,1631.0,,1483.0,55663.0,,,,,2035.0,,,,,,,,,8307.0
2000-05-28,,5429.0,,17672.0,,,3172.0,1804.0,,604.0,89957.0,,,,,4831.0,,,,,,,,,34146.0
2000-06-04,,4457.0,,17287.0,,,6465.0,1572.0,,278.0,83840.0,,,,,6021.0,,,,,,,,,25681.0
2000-06-11,,3711.0,,16831.0,,,2908.0,1509.0,,245.0,79393.0,,,,,3755.0,,,,,,,,,18075.0
2000-06-18,,4172.0,,19102.0,,,2595.0,1415.0,,216.0,68548.0,,,,,3814.0,,,,,,,,,15973.0
2000-06-25,,5864.0,,20655.0,,,3174.0,4587.0,,152.0,67099.0,,,,,3376.0,,,,,,,,,14208.0
2000-07-02,,4903.0,,21735.0,,,3080.0,2487.0,,152.0,80112.0,,,,,2820.0,,,,,,,,,17861.0
2000-07-09,,3668.0,,18914.0,,,3106.0,1675.0,,14175.0,90787.0,,,,,2646.0,,,,,,,,,18870.0
2000-07-16,,3777.0,,36021.0,,,2251.0,2082.0,,13662.0,79514.0,,,,,5173.0,,,,,,,,,15240.0
2000-07-23,,4518.0,,32668.0,,,5387.0,1782.0,,15941.0,60320.0,,,,,7851.0,,,,,,,,,11184.0
2000-07-30,,6221.0,,34040.0,,,5418.0,1074.0,,19129.0,56456.0,,,,,6611.0,,,,,,,,,14447.0
2000-08-06,,5682.0,,30492.0,,,5174.0,1435.0,,19533.0,59841.0,,,,,5571.0,,,,,,,,,13273.0
2000-08-13,,5682.0,,30492.0,,,5174.0,1435.0,,19533.0,59841.0,,,,,5571.0,,,,,,,,,13273.0
2000-08-20,,4928.0,,33085.0,,,4095.0,814.0,,20165.0,55144.0,,,,,6784.0,,,,,,,,,13278.0
2000-08-27,,4257.0,,31806.0,,,2616.0,880.0,,20817.0,48995.0,,,,,5266.0,,,,,,,,,15333.0
2000-09-03,,4364.0,,26710.0,,,4477.0,1353.0,,23950.0,46256.0,,,,,3762.0,,,,,,,,,11044.0
2000-09-10,,5566.0,,24590.0,,,2113.0,1006.0,,19897.0,48146.0,,,,,3876.0,,,,,,,,,8135.0
2000-09-17,,5468.0,,25659.0,,,3550.0,1302.0,,18056.0,31583.0,,,,,2970.0,,,,,,,,,9587.0
2000-09-24,,4182.0,,21544.0,,,2977.0,890.0,,13308.0,31628.0,,,,,2341.0,,,,,,,,,6774.0
2000-10-01,,5694.0,,23641.0,,,4488.0,730.0,,12694.0,28941.0,,,,,2077.0,,,,,,,,,13422.0
2000-10-08,,4985.0,,18126.0,,,2978.0,905.0,,11964.0,26551.0,,,,,1597.0,,,,,,,,,9238.0
2000-10-15,,3991.0,,17627.0,,,3659.0,1134.0,,9810.0,22359.0,,,,,2557.0,,,,,,,,,6714.0
2000-10-22,,2921.0,,16349.0,,,2262.0,504.0,,8990.0,20145.0,,,,,1393.0,,,,,,,,,5883.0
2000-10-29,,2839.0,,15544.0,,,2020.0,1138.0,,7259.0,18444.0,,,,,1734.0,,,,,,,,,6770.0
2000-11-05,,3475.0,,16663.0,,,2787.0,1367.0,,8728.0,21813.0,,,,,1474.0,,,,,,,,,7684.0
2000-11-12,,2481.0,,21438.0,,,2269.0,1279.0,,5893.0,18685.0,,,,,1098.0,,,,,,,,,6375.0
2000-11-19,,1948.0,,18659.0,,,2764.0,967.0,,5462.0,13392.0,,,,,951.0,,,,,,,,,5213.0
2000-11-26,,2081.0,,18423.0,,,1720.0,1116.0,,5413.0,8136.0,,,,,181.0,,,,,,,,,4653.0
2000-12-03,,2932.0,,25354.0,,,3056.0,989.0,,6820.0,3306.0,,,,,801.0,,,,,,,,,9064.0
2000-12-10,,3254.0,,71868.0,,,4362.0,1392.0,,9097.0,24900.0,,,,,146980.0,,,,,,,,,8707.0
2000-12-17,,3946.0,,72396.0,,,7887.0,2220.0,,9860.0,41691.0,,,,,52205.0,,,,,,,,,7597.0
2000-12-24,,7002.0,,98184.0,,,13415.0,1840.0,,10861.0,47526.0,,,,,32260.0,,,,,,,,,9578.0
2000-12-31,,7002.0,,98184.0,,,13415.0,1840.0,,10861.0,47526.0,,,,,32260.0,,,,,,,,,9578.0
2001-01-07,,13458.0,,97668.0,,,13289.0,1406.0,,19807.0,79034.0,,,,,43642.0,,,,,,,,,22320.0
2001-01-14,,6404.0,,37198.0,,,3785.0,1339.0,,9344.0,28829.0,,,,,5363.0,,,,,,,,,11882.0
2001-01-21,,4729.0,,23746.0,,,2050.0,898.0,,6463.0,23966.0,,,,,8447.0,,,,,,,,,7991.0
2001-01-28,,4091.0,,24068.0,,,2230.0,673.0,,5222.0,44217.0,,,,,14930.0,,,,,,,,,7794.0
2001-02-04,,2639.0,,18612.0,,,2129.0,943.0,,5045.0,50779.0,,,,,11601.0,,,,,,,,,8859.0
2001-02-11,,1523.0,,16289.0,,,1313.0,1244.0,,4102.0,46863.0,,,,,7846.0,,,,,,,,,5500.0
2001-02-18,,1520.0,,17666.0,,,1845.0,153.0,,4578.0,40270.0,,,,,7588.0,,,,,,,,,4815.0
2001-02-25,,6359.0,,16846.0,,,1467.0,567.0,,4316.0,38916.0,,,,,6644.0,,,,,,,,,3403.0
2001-03-04,,40497.0,,21628.0,,,2118.0,421.0,,4413.0,38586.0,,,,,6136.0,,,,,,,,,2082.0
2001-03-11,,19747.0,,23009.0,,,1978.0,425.0,,5348.0,48794.0,,,,,4382.0,,,,,,,,,2868.0
2001-03-18,,15339.0,,17172.0,,,1690.0,641.0,,5054.0,43368.0,,,,,3391.0,,,,,,,,,907.0
2001-03-25,,15667.0,,14408.0,611504.0,,2460.0,470.0,,4374.0,57840.0,,,,,4268.0,,,,,,,,,3319.0
2001-04-01,,14991.0,,12814.0,323686.0,,2219.0,814.0,,3749.0,52806.0,,,,,3505.0,,,,,,,,,3403.0
2001-04-08,,8954.0,,8868.0,197421.0,,1341.0,561.0,,3711.0,43295.0,,,,,3667.0,,,,,,,,,1403.0
2001-04-15,,7190.0,,8099.0,139499.0,,1109.0,286.0,,3447.0,21997.0,,,,,3241.0,,,,,,,,,840.0
2001-04-22,,5056.0,,9335.0,95324.0,,1518.0,525.0,,2406.0,36051.0,,,,,2892.0,,,,,,,,,1557.0
2001-04-29,,6558.0,,9447.0,141090.0,,2077.0,373.0,,4076.0,55346.0,,,,,18849.0,,,,,,,,,1266.0
2001-05-06,,6558.0,,9447.0,141090.0,,2077.0,373.0,,4076.0,55346.0,,,,,18849.0,,,,,,,,,1266.0
2001-05-13,,3908.0,,6057.0,88872.0,,894.0,276.0,,2343.0,40928.0,,,,,3582.0,,,,,,,,,758.0
2001-05-20,,2392.0,,5441.0,70875.0,,1336.0,278.0,,2951.0,24529.0,,,,,3276.0,,,,,,,,,2604.0
2001-05-27,,4874.0,,5233.0,71334.0,,1251.0,186.0,,2236.0,21989.0,,,,,2532.0,,,,,,,,,6521.0
2001-06-03,,5473.0,,3980.0,58187.0,,1573.0,418.0,,2157.0,24638.0,,,,,3217.0,,,,,,,,,5497.0
2001-06-10,,5354.0,,4360.0,51363.0,,993.0,156.0,,1897.0,33919.0,,,,,3570.0,,,,,,,,,4551.0
2001-06-17,,4279.0,,3655.0,52998.0,,978.0,235.0,,2529.0,43275.0,,,,,2752.0,,,,,,,,,2857.0
2001-06-24,,5697.0,,4153.0,93821.0,,936.0,219.0,,1868.0,75693.0,,,,,3010.0,,,,,,,,,3280.0
2001-07-01,,6430.0,,4109.0,91094.0,,1370.0,247.0,,3297.0,77869.0,,,,,4211.0,,,,,,,,,2653.0
2001-07-08,,2904.0,,3151.0,94380.0,,776.0,435.0,,2912.0,79867.0,,,,,1424.0,,,,,,,,,1688.0
2001-07-15,,5951.0,,2823.0,73315.0,,552.0,172.0,,1920.0,88286.0,,,,,3264.0,,,,,,,,,1459.0
2001-07-22,,3368.0,,3106.0,95618.0,,1393.0,156.0,,1952.0,156471.0,,,,,2328.0,,,,,,,,,1764.0
2001-07-29,,5077.0,,4958.0,85209.0,,1266.0,77.0,,2283.0,103263.0,,,,,2435.0,,,,,,,,,1585.0
2001-08-05,,4118.0,,3213.0,85225.0,,989.0,,,2669.0,75283.0,,,,,1655.0,,,,,,,,,14509.0
2001-08-12,,1813.0,,4209.0,94412.0,,1842.0,,,3145.0,69158.0,,,,,2042.0,,,,,,,,,7589.0
2001-08-19,,1813.0,,4209.0,94412.0,,1842.0,,,3145.0,69158.0,,,,,2042.0,,,,,,,,,7589.0
2001-08-26,,3908.0,,3971.0,78328.0,,1023.0,,,2970.0,60019.0,,,,,2238.0,,,,,,,,,3930.0
2001-09-02,,3615.0,,3248.0,64827.0,,750.0,,,2086.0,51236.0,,,,,2147.0,,,,,,,,,3590.0
2001-09-09,,8245.0,,2431.0,57405.0,,347.0,,,1982.0,44844.0,,,,,1666.0,,,,,,,,,1974.0
2001-09-16,,2889.0,,2872.0,50440.0,133719.0,511.0,,,3514.0,45651.0,,,,,2845.0,,,,,,,,,1494.0
2001-09-23,,1082.0,,2987.0,68770.0,29209.0,679.0,,,3377.0,47290.0,,,,,1683.0,,,,,,,,,761.0
2001-09-30,,1586.0,,2167.0,61566.0,21337.0,644.0,,,2997.0,40565.0,,,,,1885.0,,,,,,,,,1313.0
2001-10-07,,682.0,,2364.0,44922.0,14302.0,811.0,,,2868.0,41487.0,,,,,3957.0,,,,,,,,,1034.0
2001-10-14,,387.0,,2914.0,39363.0,8538.0,304.0,,,3249.0,41183.0,,,,,3850.0,,,,,,,,,633.0
2001-10-21,,589.0,,1479.0,37057.0,10100.0,493.0,,,4035.0,36276.0,,,,,3644.0,,,,,,,,,288.0
2001-10-28,,254.0,,2143.0,44413.0,25224.0,378.0,,,4269.0,41665.0,,,,,4251.0,,,,,,,,,213.0
2001-11-04,,283.0,,1072.0,36074.0,19891.0,143.0,,,5273.0,31323.0,,,,,7940.0,,,,,,,,,390.0
2001-11-11,,152.0,,1591.0,33146.0,18073.0,331.0,,,4760.0,33993.0,,,,,5099.0,,,,,,,,,332.0
2001-11-18,,296.0,,2046.0,28096.0,19019.0,481.0,,,4670.0,36224.0,,,,,3946.0,,,,,,,,,317.0
2001-11-25,,119.0,,2046.0,31083.0,129377.0,564.0,,,7637.0,37381.0,,,,,5218.0,,,,,,,,,
2001-12-02,,202.0,,1553.0,43908.0,44462.0,405.0,,,5351.0,108161.0,,,,,2862.0,,,,,,,,,
2001-12-09,,5232.0,,2013.0,38887.0,52806.0,,,,7068.0,103141.0,,,,,3187.0,,,,,,,,,
2001-12-16,,7109.0,,8127.0,120711.0,100882.0,,,,12119.0,184179.0,,,,,5588.0,,,,,,,,,
2001-12-23,,2992.0,,16133.0,264849.0,168268.0,,,,14984.0,221978.0,,,,,8716.0,,,,,,,,,
2001-12-30,,2893.0,,18226.0,251110.0,134625.0,,,,20028.0,281818.0,,,,,11043.0,,,,,,,,,
2002-01-06,,2893.0,,18226.0,251110.0,134625.0,,,,20028.0,281818.0,,,,,11043.0,,,,,,,,,
2002-01-13,,766.0,,7988.0,88366.0,38938.0,,,,8177.0,114167.0,,,,,5984.0,,,,,,,,,
2002-01-20,,265.0,,3810.0,56426.0,21140.0,,,,7837.0,91718.0,,,,,3937.0,,,,,,,,,
2002-01-27,,282.0,,3507.0,44037.0,15867.0,,,,6613.0,73087.0,,,,,3206.0,,,,,,,,,
2002-02-03,,256.0,,2783.0,44118.0,17477.0,,,,5375.0,80254.0,,,,,3114.0,,,,,,,,,
2002-02-10,,189.0,,2429.0,34432.0,13440.0,,,,5569.0,68660.0,,,,,2468.0,,,,,,,,,
2002-02-17,,315.0,,2569.0,39002.0,15560.0,,,,4063.0,68417.0,,,,,2599.0,,,,,,,,,
2002-02-24,,,,3451.0,35306.0,12556.0,,,,4174.0,60241.0,,,,,2371.0,,,,,,,,123929.0,
2002-03-03,,,,1279.0,29034.0,10471.0,,,,3654.0,70553.0,,,,,2947.0,,,,,,,,37147.0,
2002-03-10,,,,2981.0,30946.0,10807.0,,,,3734.0,76914.0,,,,,2002.0,,,,,,,,10930.0,
2002-03-17,,,,1347.0,28382.0,12698.0,,,,5045.0,75989.0,,,,,2071.0,,,,,,,,7924.0,
2002-03-24,,,,2439.0,40345.0,34448.0,,,,7658.0,85370.0,,,,,2772.0,,,,,,,,5005.0,
2002-03-31,,,,3040.0,57230.0,21312.0,,,,6339.0,101325.0,,,,,2310.0,,,,,,,,5157.0,
2002-04-07,,,,1809.0,43484.0,12242.0,,,,3870.0,71642.0,,,,,2835.0,,,,,,,,3188.0,
2002-04-14,,,,2235.0,38082.0,12362.0,,,,4217.0,66407.0,,,,,1980.0,,,,,,,,2532.0,
2002-04-21,,,,1803.0,31936.0,7603.0,,,,5548.0,65907.0,,,,,1691.0,,,,,,,,3286.0,
2002-04-28,,,,2390.0,52703.0,10756.0,,,,4420.0,74160.0,,,,,2072.0,,,,,,,,4219.0,
2002-05-05,,,,2390.0,52703.0,10756.0,,,,4420.0,74160.0,,,,,2072.0,,,,,,,,4219.0,
2002-05-12,,,,1869.0,35299.0,10641.0,,,,3036.0,61979.0,,,,,1122.0,,,,,,,,1872.0,
2002-05-19,,,,2176.0,30917.0,5862.0,,,,5441.0,67174.0,,,,,1391.0,,,,,,,,834.0,
2002-05-26,,,,2718.0,29358.0,3502.0,,,,6680.0,55764.0,,,,,1008.0,,,,,,,,6447.0,
2002-06-02,,,,1567.0,35097.0,4118.0,,,,3729.0,56772.0,,,,,2024.0,,,,,,,,5912.0,
2002-06-09,,,,1086.0,33123.0,13229.0,,,,4041.0,43999.0,,,,,2161.0,,,,,,,,2836.0,
2002-06-16,,,,1500.0,33186.0,9302.0,,,,5903.0,47767.0,,,,,2200.0,,,,,,,,4359.0,
2002-06-23,,,,1697.0,31286.0,6580.0,,,,4373.0,44751.0,,,,,1080.0,,,,,,,,3358.0,
2002-06-30,,,,813.0,33787.0,8004.0,,,,5854.0,68124.0,,,,,2060.0,,,,,,,,3218.0,
2002-07-07,,,,856.0,38955.0,9301.0,,,,4483.0,52757.0,,,,,1368.0,,,,,,,,3111.0,
2002-07-14,,,,917.0,31502.0,8242.0,,,,2698.0,54009.0,,,,,33064.0,,,,,,,,3218.0,
2002-07-21,,,,1186.0,56537.0,31750.0,,,,5504.0,98982.0,,,,,17319.0,,,,,,,,2958.0,
2002-07-28,,,,950.0,49128.0,14258.0,,,,3630.0,87644.0,,,,,8639.0,,,,,,,,6047.0,
2002-08-04,,,,1652.0,49585.0,12109.0,,,,4438.0,79840.0,,,,,7819.0,,,,,,,,3826.0,
2002-08-11,,,,2003.0,51646.0,12860.0,,,,4292.0,75428.0,,,,,7459.0,,,,,,,,3135.0,
2002-08-18,,,,2003.0,51646.0,12860.0,,,,4292.0,75428.0,,,,,7459.0,,,,,,,,3135.0,
2002-08-25,,,,993.0,37692.0,12337.0,,,,4907.0,57689.0,,,,,5654.0,,,,,,,,3040.0,
2002-09-01,,,,1232.0,37974.0,14473.0,,,,3155.0,63350.0,,,,,7103.0,,,,,,,,3287.0,
2002-09-08,,,,880.0,31128.0,13362.0,,,,2197.0,44398.0,,,,,4008.0,,,,,,,,2130.0,
2002-09-15,,,,958.0,29787.0,19273.0,,,,2575.0,44766.0,,,,,3994.0,,,,,,,,4002.0,
2002-09-22,,,,875.0,36066.0,12784.0,,,,2678.0,43666.0,,,,,2848.0,,,,,,,,2473.0,
2002-09-29,,,,529.0,61365.0,15240.0,,,,4103.0,43675.0,,,,,4053.0,,,,,,,,2125.0,
2002-10-06,,,,891.0,50571.0,13087.0,,,,2946.0,39250.0,,,,,3534.0,,,,,,,,2103.0,
2002-10-13,,,,663.0,38252.0,11509.0,,,,1466.0,33271.0,,,,,2453.0,,,,,,,,2973.0,
2002-10-20,,,,634.0,40187.0,10287.0,,,,2026.0,30427.0,,,,,2615.0,,,,,,,,2662.0,
2002-10-27,,,,858.0,51337.0,9805.0,,,,2725.0,34602.0,,,,,2264.0,,,,,,,,2450.0,
2002-11-03,,,,478.0,49610.0,15697.0,,,,2467.0,38228.0,,,,,1970.0,,,,,,,,2655.0,
2002-11-10,,,,805.0,58513.0,17191.0,,,,1929.0,33354.0,,,,,2145.0,,,,,,,,1793.0,
2002-11-17,,,,574.0,53271.0,15965.0,,,,2098.0,30860.0,,,,,2198.0,,,,,,,,1362.0,
2002-11-24,,,,771.0,147898.0,32099.0,,,,2454.0,34668.0,,,,,1750.0,,,,,,,,2621.0,
2002-12-01,,,,1077.0,120311.0,30341.0,,,,2883.0,56393.0,,,,,1771.0,,,,,,,,2419.0,
2002-12-08,,,,1182.0,135273.0,39849.0,,,,3150.0,78970.0,,,,,1983.0,,,,,,,,6071.0,
2002-12-15,,,,1636.0,197084.0,44902.0,,,,4544.0,109747.0,,,,,5229.0,,,,,,,,8261.0,
2002-12-22,,,,1932.0,303834.0,66410.0,,,,7993.0,157759.0,,,,,4518.0,,,,,,,,8176.0,
2002-12-29,,,,2787.0,289589.0,66117.0,,,,5495.0,173295.0,,,,,6562.0,,,,,,,,7178.0,
2003-01-05,,,,2787.0,289589.0,66117.0,,,,5495.0,173295.0,,,,,6562.0,,,,,,,,7178.0,
2003-01-12,,,,954.0,85227.0,13526.0,,,,3684.0,89428.0,,,,,2609.0,,,,,,,,2986.0,
2003-01-19,,,,524.0,59201.0,11142.0,,,,3581.0,68252.0,,,,,1645.0,,,,,,,,5605.0,
2003-01-26,,,,491.0,33365.0,9341.0,,,,2254.0,64148.0,,,,,1983.0,,,,,,,,8862.0,
2003-02-02,,,,575.0,30029.0,8177.0,,,,1663.0,56878.0,,,,,1741.0,,,,,,,,5184.0,
2003-02-09,,,,446.0,25640.0,7653.0,,,,2192.0,46918.0,,,,,1630.0,,,,,,,,3101.0,
2003-02-16,,,,453.0,150281.0,7607.0,,,,1329.0,62409.0,,,,,1792.0,,,,,,,,3012.0,
2003-02-23,,,,356.0,109275.0,6177.0,,,,1161.0,49450.0,,,,,999.0,,,,,,,,2165.0,
2003-03-02,,,,391.0,87973.0,6879.0,,,,1673.0,52738.0,,,,,1057.0,,,,,,,,1657.0,
2003-03-09,,,,160.0,62918.0,7097.0,,,,2088.0,53931.0,,,,,1201.0,,,,,,,,1983.0,
2003-03-16,,,,215.0,77960.0,7593.0,,,,1039.0,68837.0,,,,,1380.0,,,,,,,,2040.0,
2003-03-23,,,,442.0,118627.0,9084.0,,,,1184.0,69443.0,,,,,873.0,,,,,,,,1547.0,
2003-03-30,,,,406.0,157940.0,16074.0,,,,2164.0,79648.0,,,,,2316.0,,,,,,,,2577.0,
2003-04-06,,,,158.0,136461.0,14445.0,,,,1025.0,59006.0,,,,,1691.0,,,,,,,,1356.0,
2003-04-13,,,,168.0,72066.0,8876.0,,,,1355.0,36955.0,,,,,788.0,,,,,,,,1206.0,
2003-04-20,,,,421.0,72549.0,7253.0,,,,1193.0,39252.0,,,,,708.0,,,,,,,,1079.0,
2003-04-27,,,,,89736.0,8750.0,,,,1173.0,50608.0,,,,,911.0,,,,,,,,1201.0,
2003-05-04,,,,,89736.0,8750.0,,,,1173.0,50608.0,,,,,911.0,,,,,,,,1201.0,
2003-05-11,,,,,71628.0,6957.0,,,,1586.0,32873.0,,,,,403.0,,,,,,,,1042.0,
2003-05-18,,,,,51375.0,5023.0,,,,907.0,50459.0,,,,,468.0,,,,,,,,1069.0,
2003-05-25,,,,,52620.0,5553.0,,,,1061.0,56697.0,,,,,698.0,,,,,,,,838.0,
2003-06-01,,,,,54447.0,4282.0,,,,642.0,52720.0,,,,,407.0,,,,,,,,1136.0,
2003-06-08,,,,,41269.0,3221.0,,,,658.0,45908.0,,,,,416.0,,,,,,,,893.0,
2003-06-15,,,,,42255.0,1014.0,,,,899.0,52304.0,,,,,648.0,,,,,,,,937.0,
2003-06-22,,,,,44880.0,15701.0,,,,1119.0,39324.0,,,,,439.0,,,,,,,,756.0,
2003-06-29,,,,,41435.0,13903.0,,,,1054.0,41163.0,,,,,361.0,,,,,,,,3612.0,
2003-07-06,,,,,39750.0,10447.0,,,,887.0,41750.0,,,,,480.0,,,,,,,,1597.0,
2003-07-13,,,,,41319.0,10138.0,,,,789.0,33222.0,,,,,349.0,,,,,,,,1018.0,
2003-07-20,,,,,51077.0,11018.0,,,,538.0,39957.0,,,,,1251.0,,,,,,,,1212.0,
2003-07-27,,,,,53734.0,12516.0,,,,758.0,40519.0,,,,,903.0,,,,,,,,1067.0,
2003-08-03,,,,,51348.0,13152.0,,,,785.0,40093.0,,,,,1003.0,,,,,,,,1174.0,
2003-08-10,,,,,63338.0,20771.0,,,,794.0,47555.0,,,,,553.0,,,,,,,,877.0,
2003-08-17,,,,,63338.0,20771.0,,,,794.0,47555.0,,,,,553.0,,,,,,,,877.0,
2003-08-24,,,,,43462.0,12671.0,,,,526.0,31702.0,,,,,484.0,,,,,,,,730.0,
2003-08-31,,,,,56979.0,33984.0,,,,658.0,34622.0,,,,,377.0,,,,,,,,1151.0,
2003-09-07,,,,,50717.0,22585.0,,,,591.0,29807.0,,,,,316.0,,,,,,,,579.0,
2003-09-14,,,,,45268.0,17359.0,,,,505.0,30050.0,,,,,494.0,,,,,,,,510.0,
2003-09-21,,,,,40932.0,14380.0,,,,738.0,28557.0,,,,,368.0,,,,,,,,607.0,
2003-09-28,,,,,39205.0,15515.0,,,,941.0,32275.0,,,,,288.0,,,,,,,,931.0,
2003-10-05,,,,,33447.0,10877.0,,,,954.0,28201.0,,,,,259.0,,,,,,,,616.0,
2003-10-12,,,,,30534.0,9332.0,,,,404.0,26096.0,,,,,228.0,,,,,,,,438.0,
2003-10-19,,,,,30761.0,15563.0,,,,511.0,26239.0,,,,,496.0,,,,,,,,544.0,
2003-10-26,,,,,25507.0,14401.0,,,,479.0,26393.0,,,,,181.0,,,,,,,,408.0,
2003-11-02,,,,,29024.0,14702.0,,,,516.0,26139.0,,,,,192.0,,,,,,,,555.0,
2003-11-09,,,,,28354.0,20587.0,,,,618.0,20939.0,,,,,282.0,,,,,,,,595.0,
2003-11-16,,,,,26212.0,20016.0,,,,470.0,54670.0,,,,,170.0,,,,,,,,617.0,
2003-11-23,,,,,27687.0,22005.0,,,,729.0,62996.0,,,,,360.0,,,,,,,,3211.0,
2003-11-30,,,,,53582.0,30378.0,,,,565.0,94328.0,,,,,510.0,,,,,,,,2209.0,
2003-12-07,,,,,48757.0,38264.0,,,,512.0,124403.0,,,,,498.0,,,,,,,,2683.0,
2003-12-14,,,,,82754.0,55962.0,,,,449.0,127319.0,,,,,226.0,,,,,,,,1910.0,
2003-12-21,,,,,170740.0,128502.0,,,,571.0,150692.0,,,,,308.0,,,,,,,,2107.0,
2003-12-28,,,,,215292.0,136600.0,,,,984.0,201090.0,,,,,599.0,,,,,,,,2780.0,
2004-01-04,,,,,215292.0,136600.0,,,,984.0,201090.0,,,,,599.0,,,,,,,,2780.0,
2004-01-11,,,,,71688.0,32310.0,,,,,94724.0,,,,,,,,,,,,,1242.0,
2004-01-18,,,,,49482.0,19289.0,,,,,60202.0,,,,,,,,,,,,,1163.0,
2004-01-25,,,,,51977.0,13306.0,,,,,51650.0,,,,,,,,,,,,,813.0,
2004-02-01,,,,,74853.0,11029.0,,,,,44433.0,,,,,,,,,,,,,1027.0,
2004-02-08,,,,,56316.0,10125.0,,,,,41735.0,,,,,,,,,,,,,831.0,
2004-02-15,,,,,91921.0,9826.0,,,,,50777.0,,,,,,,,,,,,,629.0,
2004-02-22,,,,,56711.0,7302.0,,,,,44419.0,,,,,,,,,,,,,603.0,
2004-02-29,,,,,59546.0,9405.0,,,,,50925.0,,,,,,,,,,,,,986.0,
2004-03-07,,,,,51945.0,7770.0,,,,,41750.0,,,,,,,,,,,,,594.0,
2004-03-14,,,,,50864.0,12054.0,,,,,42814.0,,,,,,,,,,,,,703.0,
2004-03-21,,,,,43934.0,7982.0,,,,,48427.0,,,,,,,,,,,,,508.0,
2004-03-28,,,,,60528.0,8048.0,,,,,72752.0,,,,,,,,,,,,,789.0,
2004-04-04,,,,,55034.0,9473.0,,,,,66079.0,,,,,,,,,,,,,675.0,
2004-04-11,,,,,38247.0,5978.0,,,,,48748.0,,,,,,,,,,,,,390.0,
2004-04-18,,,,,34530.0,4353.0,,,,,37344.0,,,,,,,,,,,,,397.0,
2004-04-25,,,,,54548.0,5490.0,,,,,43236.0,,,,,,,,,,,,,398.0,
2004-05-02,,,,,63065.0,8703.0,,,,,48868.0,,,,,,,,,,,,,394.0,
2004-05-09,,,,,63065.0,8703.0,,,,,48868.0,,,,,,,,,,,,,394.0,
2004-05-16,,,,,23512.0,4135.0,,,,,30348.0,,,,,,,,,,,,,222.0,
2004-05-23,,,,,30425.0,5080.0,,,,,27905.0,,,,,,,,,,,,,151.0,
2004-05-30,,,,,31330.0,5759.0,,,,,35050.0,,,,,,,,,,,,,794.0,
2004-06-06,,,,,28247.0,5041.0,,,,,31760.0,,,,,,,,,,,,,573.0,
2004-06-13,,,,,35010.0,4407.0,,,,,26761.0,,,,,,,,,,,,,325.0,
2004-06-20,,,,,27545.0,4183.0,,,,,25081.0,,,,,,,,,,,,,328.0,
2004-06-27,,,,,28942.0,5018.0,,,,,32585.0,,,,,,,,,,,,,274.0,
2004-07-04,,,,,26695.0,5689.0,,,,,33199.0,,,,,,,,,,,,,298.0,
2004-07-11,,,,,26650.0,5790.0,,,,,30693.0,,,,,,,,,,,,,394.0,
2004-07-18,,,,,28629.0,5229.0,,,,,41107.0,,,,,,,,,,,,,373.0,
2004-07-25,,,,,37155.0,9054.0,,,,,42087.0,,,,,,,,,,,,,324.0,
2004-08-01,,,,,38207.0,7651.0,,,,,37071.0,,,,,,,,,,,,,290.0,
2004-08-08,,,,,53326.0,8819.0,,,,,39748.0,,,,,,,,,,,,,353.0,
2004-08-15,,,,,53326.0,8819.0,,,,,39748.0,,,,,,,,,,,,,353.0,
2004-08-22,,,,,41015.0,7946.0,,,,,31877.0,,,,,,,,,,,,,351.0,
2004-08-29,,,,,41085.0,8095.0,,,,,33678.0,,,,,,,,,,,,,285.0,
2004-09-05,,,,,30531.0,6970.0,,,,,28216.0,,,,,,,,,,,,,233.0,
2004-09-12,,,,,27545.0,5966.0,,,,,29817.0,,,,,,,,,,,,,259.0,
2004-09-19,,,,,64455.0,5585.0,,,,,28617.0,,,,,,,,,,,,,184.0,
2004-09-26,,,,,50483.0,6229.0,,,,,27574.0,,,,,,,,,,,,,266.0,
2004-10-03,,,,,34031.0,4764.0,,,,,22180.0,,,,,,,,,,,,,231.0,
2004-10-10,,,,,35509.0,5203.0,,,,,24804.0,,,,,,,,,,,,,304.0,
2004-10-17,,,,,38495.0,4950.0,,,,,25640.0,,,,,,,,,,,,,174.0,
2004-10-24,,,,,29900.0,4331.0,,,,,20272.0,,,,,,,,,,,,,330.0,
2004-10-31,,,,,31393.0,5602.0,,,,,16946.0,,,,,,,,,,,,,289.0,
2004-11-07,,,,,29878.0,5834.0,,,,,124757.0,,,,,,,,,,,,,5060.0,
2004-11-14,,,,,43061.0,4749.0,,,,,58738.0,,,,,,,,,,,,,780.0,
2004-11-21,,,,,24282.0,5018.0,,,,,62014.0,,,,,,,,,,,,,1448.0,
2004-11-28,,,,,41515.0,6039.0,,,,,120074.0,,,,,,,,,,,,,923.0,
2004-12-05,,,441485.0,,35147.0,8147.0,,,,,92609.0,,,,,,,,,,,,,652.0,
2004-12-12,,,181231.0,,53181.0,12197.0,,,,,104078.0,,,,166074.0,,,,,,,,,825.0,
2004-12-19,,,220295.0,,90392.0,54588.0,,,,,124642.0,,,,81355.0,,,,,,,,,1091.0,
2004-12-26,,,213417.0,,98477.0,43149.0,,,,,170905.0,,,,101854.0,,,,,,,,,878.0,
2005-01-02,,,213417.0,,98477.0,43149.0,,,,,170905.0,,,,101854.0,,,,,,,,,878.0,
2005-01-09,,,132117.0,,64941.0,26773.0,,,,,120505.0,,,,55358.0,,,,,,,,,838.0,
2005-01-16,,,58988.0,,28025.0,7117.0,,,,,74306.0,,,,57383.0,,,,,,,,,454.0,
2005-01-23,,,47291.0,,19932.0,4124.0,,,,,52230.0,,,,66601.0,,,,,,,,,405.0,
2005-01-30,,,42255.0,,23319.0,9725.0,,,,,53829.0,,,,71200.0,,,,,,,,,507.0,
2005-02-06,,,35451.0,,21356.0,5209.0,,,,,49612.0,,,,51883.0,,,,,,,,,308.0,
2005-02-13,,,30791.0,,21051.0,3434.0,,,,,49028.0,,,,52644.0,,,,,,,,,329.0,
2005-02-20,,,25557.0,,17007.0,3642.0,,,,,44330.0,,,,42077.0,,,,,,,,,298.0,
2005-02-27,,,30177.0,,19330.0,3973.0,,,,,49965.0,,,,48883.0,,,,,,,,,286.0,
2005-03-06,,,28280.0,,14711.0,4119.0,,,,,43073.0,,,,55014.0,,,,,,,,,258.0,
2005-03-13,,,25275.0,,13632.0,3810.0,,,,,36284.0,,,,50646.0,,,,,,,,,229.0,
2005-03-20,,,22772.0,,12722.0,3297.0,,,,,37258.0,,,,45386.0,,,,,,,,,391.0,
2005-03-27,,,60507.0,,21118.0,4673.0,,,,,51611.0,,,,51556.0,,,,,,,,,435.0,
2005-04-03,,,43806.0,,18124.0,4046.0,,,,,45204.0,,,,43617.0,,,,,,,,,355.0,
2005-04-10,,,26752.0,,12842.0,3143.0,,,,,38041.0,,,,36637.0,,,,,,,,,357.0,
2005-04-17,,,22678.0,,12184.0,3255.0,,,,,34686.0,,,,30310.0,,,,,,,,,319.0,
2005-04-24,,,72767.0,,9132.0,7265.0,,,,,27906.0,,,,31154.0,,,,,,,,,293.0,
2005-05-01,,,61869.0,,15465.0,5618.0,,,,,42847.0,,,,38524.0,,,,,,,,,332.0,
2005-05-08,,,61869.0,,15465.0,5618.0,,,,,42847.0,,,,38524.0,,,,,,,,,332.0,
2005-05-15,,,25301.0,,8931.0,3008.0,,,,,30824.0,,,,25114.0,,,,,,,,,294.0,
2005-05-22,,,28379.0,,8742.0,2863.0,,,,,27295.0,,,,25388.0,,,,,,,,,248.0,
2005-05-29,,,43845.0,,11947.0,3044.0,,,,,34527.0,,,,21232.0,,,,,,,,,204.0,
2005-06-05,,,35019.0,,9068.0,2475.0,,,,,26583.0,,,,22232.0,,,,,,,,,171.0,
2005-06-12,,,31915.0,,10866.0,2534.0,,,,,25001.0,,,,22154.0,,,,,,,,,170.0,
2005-06-19,,,32206.0,,8186.0,2277.0,,,,,26251.0,,,,20988.0,,,,,,,,,219.0,
2005-06-26,,,36485.0,,14045.0,2284.0,,,,,26359.0,,,,21897.0,,,,,,,,,201.0,
2005-07-03,,,38142.0,,13418.0,2444.0,,,,,28334.0,,,,23059.0,,,,,,,,,237.0,
2005-07-10,,,42581.0,,11901.0,2267.0,,,,,29421.0,,,,20330.0,,,,,,,,,204.0,
2005-07-17,,,39672.0,,12253.0,2915.0,,,,,30566.0,,,,21554.0,,,,,,,,,162.0,
2005-07-24,,,45012.0,,15125.0,3246.0,,,,,29965.0,,,,20109.0,,,,,,,,,213.0,
2005-07-31,,,44272.0,,16068.0,3359.0,,,,,33598.0,,,,21614.0,,,,,,,,,243.0,
2005-08-07,,,52523.0,,18071.0,3920.0,,,,,34486.0,,,,21014.0,,,,,,,,,185.0,
2005-08-14,,,87765.0,,16749.0,4876.0,,,,,36564.0,,,,24168.0,,,,,,,,,192.0,
2005-08-21,,,87765.0,,16749.0,4876.0,,,,,36564.0,,,,24168.0,,,,,,,,,192.0,
2005-08-28,,,65035.0,,11953.0,2761.0,,,,,30263.0,,,,22988.0,,,,,,,,,145.0,
2005-09-04,,,55034.0,,10120.0,2344.0,,,,,26464.0,,,,23668.0,,,,,,,,,151.0,
2005-09-11,,,62641.0,,10236.0,2201.0,,,,,28819.0,,,,23950.0,,,,,,,,,137.0,
2005-09-18,,,62772.0,148117.0,15106.0,2076.0,,,,,23174.0,,,,55828.0,,,,,,,,,128.0,
2005-09-25,,,64655.0,52048.0,14970.0,2779.0,,,,,28028.0,,,,41827.0,,,,,,,,,160.0,
2005-10-02,,,41412.0,28721.0,11103.0,1546.0,,,,,23893.0,,,,39039.0,,,,,,,,,117.0,
2005-10-09,,,46609.0,24342.0,9627.0,1988.0,,,,,23595.0,,,,29948.0,,,,,,,,,172.0,
2005-10-16,,,48724.0,20606.0,10828.0,2173.0,,,,,23796.0,,,,27272.0,,,,,,,,,109.0,
2005-10-23,,,48348.0,15095.0,7488.0,2130.0,,,,,21382.0,,,,28103.0,,,,,,,,,148.0,
2005-10-30,,,46246.0,12561.0,7017.0,4424.0,,,,,21454.0,,,,28867.0,,,,,,,,,165.0,
2005-11-06,,,53948.0,11833.0,6762.0,4866.0,,,,,23599.0,,,,28931.0,,,,,,,,,126.0,
2005-11-13,,,56098.0,10331.0,6570.0,5587.0,,,,,21498.0,,,,29007.0,,,,,,,,,112.0,
2005-11-20,,,67232.0,8005.0,5731.0,4579.0,,,,,21246.0,,,,55136.0,,,,,,,,,171.0,
2005-11-27,,,162398.0,7412.0,7223.0,6610.0,,,,,39359.0,,,,53771.0,,,,,,,,,124.0,
2005-12-04,,,155494.0,7803.0,10079.0,9074.0,,,,,35542.0,,,,78635.0,,,,,,,,,106.0,
2005-12-11,,,295701.0,8348.0,13062.0,13217.0,,,,,47475.0,,,,92835.0,,,,,,62135.0,,,,
2005-12-18,,,381776.0,19347.0,24734.0,16760.0,,,,,58067.0,,,,102555.0,,,,,,12320.0,,,,
2005-12-25,,,511471.0,15549.0,28154.0,21401.0,,,,,83814.0,,,,127373.0,,,,,,10035.0,,,,
2006-01-01,,,511471.0,15549.0,28154.0,21401.0,,,,,83814.0,,,,127373.0,,,,,,10035.0,,,,
2006-01-08,,,125957.0,12643.0,35951.0,17227.0,,,,,88680.0,,,,125095.0,,,,,,8655.0,,,,
2006-01-15,,,38524.0,6710.0,10658.0,5356.0,,,,,32514.0,,,,40425.0,,,,,,4620.0,,,,
2006-01-22,,,48564.0,4986.0,7430.0,3178.0,,,,,23427.0,,,,34820.0,,,,,,2762.0,,,,
2006-01-29,,,112938.0,3571.0,6228.0,2518.0,,,,,27023.0,,,,30815.0,,,,,,2095.0,,,,
2006-02-05,,,19644.0,3658.0,6539.0,2427.0,,,,,25434.0,,,,28665.0,,,,,,2022.0,,,,
2006-02-12,,,10196.0,3806.0,5869.0,2014.0,,,,,21869.0,,,,26549.0,,,,,,1463.0,,,,
2006-02-19,,,50107.0,3659.0,5191.0,2036.0,,,,,23545.0,,,,28595.0,,,,,,1212.0,,,,
2006-02-26,,,39373.0,4079.0,7334.0,1508.0,,,,,25295.0,,,,35865.0,,,,,,1082.0,,,,
2006-03-05,,,129044.0,3548.0,5652.0,1632.0,,,,,25722.0,,,,45008.0,,,,,,1020.0,,,,
2006-03-12,,,139818.0,3796.0,4622.0,1311.0,,,,,22820.0,,,,38607.0,,,,,,1035.0,,,,
2006-03-19,,,135791.0,3943.0,4725.0,1353.0,,,,,58502.0,,,,30766.0,,,,,,1181.0,,,,
2006-03-26,,,161624.0,3372.0,8922.0,1539.0,,,,,42881.0,,,,38321.0,,,,,,1550.0,,,,
2006-04-02,,,209795.0,3194.0,8394.0,1592.0,,,,,36574.0,,,,36713.0,,,,,,2636.0,,,,
2006-04-09,,,218211.0,3192.0,7817.0,1266.0,,,,,31189.0,,,,31723.0,,,,,,1752.0,,,,
2006-04-16,,,196381.0,2962.0,8926.0,1113.0,,,,,30005.0,,,,29586.0,,,,,,1780.0,,,,
2006-04-23,,,197772.0,12590.0,10589.0,1087.0,,,,,24827.0,,,,31781.0,,,,,,2852.0,,,,
2006-04-30,,,228811.0,4966.0,9444.0,1587.0,,,,,31435.0,,,,43051.0,,,,,,2381.0,,,,
2006-05-07,,,228811.0,4966.0,9444.0,1587.0,,,,,31435.0,,,,43051.0,,,,,,2381.0,,,,
2006-05-14,,,118291.0,2167.0,6125.0,1406.0,,,,,21778.0,,,,23660.0,,,,,,1496.0,,,,
2006-05-21,,,172399.0,2472.0,6054.0,1221.0,,,,,20360.0,,,,23577.0,,,,,,1415.0,,,,
2006-05-28,,,300121.0,1936.0,5178.0,1056.0,,,,,21827.0,,,,27191.0,,,,,,1218.0,,,,
2006-06-04,,,140885.0,1587.0,5487.0,970.0,,,,,20557.0,,,,23105.0,,,,,,1095.0,,,,
2006-06-11,,,114132.0,1913.0,4577.0,1106.0,,,,,20661.0,,,,22529.0,,,,,,1143.0,,,,
2006-06-18,,,201656.0,1629.0,3280.0,1312.0,,,,,22399.0,,,,25842.0,,,,,,1475.0,,,,
2006-06-25,,,150332.0,1513.0,3538.0,1015.0,,,,,24579.0,,,,24801.0,,,,,,1315.0,,,,
2006-07-02,,,160392.0,1158.0,3026.0,929.0,,,,,24556.0,,,,27272.0,,,,,,1676.0,,,,
2006-07-09,,,126064.0,1260.0,2516.0,919.0,,,,,20889.0,,,,30092.0,,,,,,1191.0,,,,
2006-07-16,,,127990.0,1350.0,2723.0,905.0,,,,,25085.0,,,,37386.0,,,,,,1020.0,,,,
2006-07-23,,,254827.0,1808.0,3201.0,1007.0,,,,,27517.0,,,,41303.0,,,,,,1317.0,,,,
2006-07-30,,,156060.0,1562.0,3168.0,959.0,,,,,26683.0,,,,41571.0,,,,,,1513.0,,,,
2006-08-06,,,156692.0,2039.0,2680.0,893.0,,,,,23302.0,,,,44262.0,,,,,,1182.0,,,,
2006-08-13,,,125593.0,2534.0,3246.0,980.0,,,,,28949.0,,,,42541.0,,,,,,1271.0,,,,
2006-08-20,,,125593.0,2534.0,3246.0,980.0,,,,,28949.0,,,,42541.0,,,,,,1271.0,,,,
2006-08-27,,,177642.0,1705.0,2538.0,754.0,,,,,23082.0,,,,30741.0,,,,,,1004.0,,,,
2006-09-03,,,230900.0,2105.0,2607.0,901.0,,,,,23290.0,,,,30462.0,,,,,,1047.0,,,,
2006-09-10,,,144717.0,1594.0,2061.0,721.0,,,,,20135.0,,,,27812.0,,,,,,911.0,,,,
2006-09-17,,,140153.0,1226.0,1989.0,662.0,,,,,31927.0,,,,26587.0,,,,,,854.0,,,,
2006-09-24,,,158250.0,1168.0,2201.0,721.0,,,,,31456.0,,,,23602.0,,,,,,1039.0,,,,
2006-10-01,,,292938.0,1142.0,1606.0,505.0,,,,,30765.0,,,,24872.0,,,,,,2016.0,,,,
2006-10-08,,,127339.0,1292.0,1396.0,609.0,,,,,27441.0,,,,22002.0,,,,,,1632.0,,,,
2006-10-15,,,116991.0,2069.0,2626.0,854.0,,,,,27030.0,,,,21998.0,,,,,,1266.0,,,,
2006-10-22,,,143759.0,1543.0,2214.0,589.0,,,,,20297.0,,,,22269.0,,,,,,1236.0,,,,
2006-10-29,,,180421.0,1522.0,1703.0,709.0,,,,,21929.0,,,,25343.0,,,,,,1290.0,,,,
2006-11-05,,,123950.0,1550.0,1410.0,510.0,,,,,18411.0,,,,22169.0,,,,,,6376.0,,,,
2006-11-12,,,141547.0,1075.0,1204.0,504.0,,,,,14319.0,88443.0,,,18411.0,,,,,,4238.0,,,,
2006-11-19,,,123242.0,1025.0,1464.0,564.0,,,,,14042.0,43378.0,,,15883.0,,,,,,4357.0,,,,
2006-11-26,,,152408.0,1034.0,1219.0,490.0,,,,,23369.0,37261.0,,,29700.0,,,,,,6800.0,,,,
2006-12-03,,,181496.0,1516.0,1820.0,599.0,,,,,26488.0,30467.0,,,26605.0,,,,371936.0,,4607.0,,,,
2006-12-10,,,251012.0,1407.0,1212.0,608.0,,,,,31468.0,43597.0,,,28536.0,,,,109068.0,,38096.0,,,,
2006-12-17,,,375468.0,1547.0,1511.0,747.0,,,,,40092.0,70557.0,,,55382.0,,,,101956.0,,19211.0,,,,
2006-12-24,,,334964.0,2605.0,3972.0,1179.0,,,,,41922.0,76506.0,,,96252.0,,,,203079.0,,18942.0,,,,
2006-12-31,,,334964.0,2605.0,3972.0,1179.0,,,,,41922.0,76506.0,,,96252.0,,,,203079.0,,18942.0,,,,
2007-01-07,,,305321.0,3439.0,3833.0,1357.0,,,,,53299.0,67620.0,,,118479.0,,,,146553.0,,20586.0,,,,
2007-01-14,,,107892.0,1888.0,1228.0,657.0,,,,,23815.0,33492.0,,,44173.0,,,,96975.0,,8666.0,,,,
2007-01-21,,,134053.0,1506.0,1456.0,406.0,,,,,18322.0,25379.0,,,39707.0,,,,80514.0,,6809.0,,,,
2007-01-28,,,190540.0,1201.0,1101.0,283.0,,,,,18826.0,21028.0,,,36354.0,,,,81381.0,,7639.0,,,,
2007-02-04,,,175879.0,1159.0,919.0,369.0,,,,,17877.0,20687.0,,,34005.0,,,,75173.0,,5509.0,,,,
2007-02-11,,,165458.0,1208.0,708.0,416.0,,,,,16083.0,22950.0,,,32142.0,,,,68978.0,,4380.0,,,,
2007-02-18,,,144060.0,1028.0,667.0,414.0,,,,,16513.0,20617.0,,,37202.0,,,,63849.0,,4678.0,,,,
2007-02-25,,,134626.0,877.0,789.0,295.0,,,,,15966.0,21558.0,,,93523.0,,,,88338.0,,4062.0,,,,
2007-03-04,,,115060.0,1041.0,711.0,319.0,,,,,15389.0,46924.0,,,61858.0,,,,61359.0,,4361.0,,,,
2007-03-11,,,103546.0,803.0,753.0,321.0,,,,,13221.0,26925.0,,,50970.0,,,,49750.0,,3240.0,,,,
2007-03-18,,,128511.0,798.0,1003.0,305.0,,,,,12901.0,19787.0,,,42762.0,,,,63941.0,,3227.0,,,,
2007-03-25,,,159498.0,1121.0,1118.0,310.0,,,,,15434.0,18391.0,,,42226.0,,,,87704.0,,3616.0,,,,
2007-04-01,,,83900.0,654.0,909.0,258.0,,,,,16353.0,17289.0,,,39422.0,,,,40798.0,,3774.0,,,,
2007-04-08,,,118774.0,656.0,1033.0,,,,,,14167.0,14820.0,,,30308.0,,,,44520.0,,3583.0,,,,
2007-04-15,,,124536.0,1005.0,739.0,,,,,,12951.0,13539.0,,,28476.0,,,,62361.0,,3354.0,,,,
2007-04-22,,,158189.0,624.0,524.0,,,,,,11162.0,10899.0,,,28717.0,,,,65093.0,,2853.0,,,,
2007-04-29,,,219473.0,690.0,654.0,,,,,,15186.0,16443.0,,,34556.0,,,,76013.0,,3641.0,,,,
2007-05-06,,,219473.0,690.0,654.0,,,,,,15186.0,16443.0,,,34556.0,,,,76013.0,,3641.0,,,,
2007-05-13,,,160312.0,403.0,398.0,,,,,,11854.0,8962.0,,,33438.0,,,,55724.0,,2369.0,,,,
2007-05-20,,,112309.0,371.0,515.0,,,,,,11749.0,8189.0,,,26044.0,,,,57654.0,,2296.0,,,,
2007-05-27,,,128758.0,441.0,464.0,,,,,,12113.0,9984.0,,,26446.0,,,,61339.0,,2664.0,,,,
2007-06-03,,,117013.0,405.0,408.0,,,,,,11916.0,10195.0,,,26348.0,,,,70222.0,,2873.0,,,,
2007-06-10,,,115058.0,654.0,615.0,,,,,,12180.0,10756.0,,,28974.0,,,,64039.0,,3031.0,,,,
2007-06-17,,,136393.0,634.0,539.0,,,,,,12406.0,11012.0,,,27772.0,,,,70356.0,,7654.0,,,,
2007-06-24,,,166548.0,455.0,426.0,,,,,,12602.0,9665.0,,,30203.0,,,,66357.0,,4058.0,,,,
2007-07-01,,,153359.0,525.0,513.0,,,,,,19859.0,12677.0,,,38609.0,,,,75010.0,,4318.0,,,,
2007-07-08,,,119824.0,658.0,476.0,,,,,,14956.0,13402.0,,,35181.0,,,,70798.0,,3355.0,,,,
2007-07-15,,,135946.0,539.0,388.0,,,,,,17041.0,14143.0,,,32935.0,,,,104897.0,,3640.0,,,,
2007-07-22,,,143619.0,656.0,571.0,,,,,,16233.0,13443.0,,,29268.0,,,,75681.0,,2772.0,,,,
2007-07-29,,,164481.0,616.0,606.0,,,,,,14339.0,38322.0,,,31669.0,,,,70366.0,,3885.0,,,,
2007-08-05,,,143656.0,692.0,464.0,,,,,,14762.0,21985.0,,,29492.0,,,,62798.0,,3305.0,,,,
2007-08-12,,,159318.0,692.0,629.0,,,,,,15747.0,22336.0,,,28281.0,,,,66321.0,,2862.0,,,,
2007-08-19,,,159318.0,692.0,629.0,,,,,,15747.0,22336.0,,,28281.0,,,,66321.0,,2862.0,,,,
2007-08-26,,,116506.0,697.0,475.0,,,,,,16269.0,14883.0,,,21506.0,,,,50213.0,,2258.0,,,,
2007-09-02,,,101248.0,489.0,407.0,,,,,,15835.0,16816.0,,,21810.0,,,,47639.0,,2062.0,,,,
2007-09-09,,,78980.0,697.0,236.0,,,,,,13448.0,13550.0,,,16437.0,,,,38472.0,,1849.0,,,,
2007-09-16,,,74520.0,1056.0,303.0,,,,,,13953.0,12299.0,,,99340.0,,,,30222.0,,1724.0,,,,
2007-09-23,,,66121.0,768.0,363.0,,,,,,12726.0,11103.0,,,263538.0,,,,27059.0,,1835.0,,,,
2007-09-30,,,71839.0,969.0,223.0,,,,,,13438.0,12676.0,,,128172.0,,,,24828.0,,5772.0,,,,
2007-10-07,,,76560.0,679.0,259.0,,,,,,11838.0,11025.0,,,84754.0,,,,21178.0,,3137.0,,,,
2007-10-14,,,80260.0,516.0,334.0,,,,,,11542.0,8374.0,,,68713.0,,,,23695.0,,7102.0,,,,
2007-10-21,,,77810.0,589.0,328.0,,,,,,10914.0,11745.0,,,63777.0,,,,30776.0,,4971.0,,,,
2007-10-28,,,83436.0,385.0,264.0,,,,,,11153.0,16039.0,,,61846.0,,,,34766.0,,3507.0,,,,
2007-11-04,,,80272.0,583.0,425.0,,,,,,10692.0,16130.0,,,56541.0,,,,40836.0,,16622.0,,,,
2007-11-11,,,81631.0,913.0,289.0,,,,,,9406.0,55890.0,,,54520.0,,,,34820.0,,6998.0,,,,
2007-11-18,,,80827.0,556.0,296.0,,,,,,8821.0,52816.0,,,66478.0,,,,36413.0,,5685.0,,,,
2007-11-25,,,115529.0,451.0,320.0,,,,,,15285.0,58381.0,,,88539.0,,,,47124.0,,5760.0,,,,
2007-12-02,,,126347.0,428.0,256.0,,,,,,15355.0,40840.0,,,78043.0,,,,70865.0,,5222.0,,,,
2007-12-09,,,164576.0,389.0,246.0,,,,,,14640.0,38424.0,,,88406.0,,,,109791.0,,7814.0,,,,
2007-12-16,,,248670.0,622.0,389.0,,,,,,20710.0,53084.0,,,157863.0,,,,168229.0,,8722.0,,,,
2007-12-23,,,319051.0,903.0,499.0,,,,,,24081.0,50681.0,,,162013.0,,,,263718.0,,8071.0,,,,
2007-12-30,,,253182.0,888.0,537.0,,,,,,32510.0,59528.0,,,173636.0,,,,202161.0,,11017.0,,,,
2008-01-06,,,253182.0,888.0,537.0,,,,,,32510.0,59528.0,,,173636.0,,,,202161.0,,11017.0,,,,
2008-01-13,,,102919.0,588.0,319.0,,,,,,14956.0,34322.0,,,83676.0,,,,82232.0,,5543.0,,,,
2008-01-20,,,90536.0,566.0,243.0,,,,,,12796.0,32264.0,,,65278.0,,,,75824.0,,4437.0,,,,
2008-01-27,,,73863.0,303.0,175.0,,,,,,11038.0,29468.0,,,61485.0,,,,79073.0,,4195.0,,,,
2008-02-03,,,65488.0,335.0,197.0,,,,,,10854.0,36087.0,,,50331.0,,,,105570.0,,5804.0,,,,
2008-02-10,,,57134.0,590.0,126.0,,,,,,9785.0,21478.0,,,71689.0,,,,83419.0,,2878.0,,,,
2008-02-17,,,59344.0,570.0,161.0,,,,,,10198.0,18312.0,,,50754.0,,,,79564.0,,2978.0,,,,
2008-02-24,,,48322.0,334.0,164.0,,,,,,7811.0,13254.0,,,50796.0,,,,63074.0,,2419.0,,,,
2008-03-02,,,50494.0,387.0,188.0,,,,,,9931.0,13893.0,,,77962.0,,,,65157.0,,2714.0,,,,
2008-03-09,,,45371.0,356.0,125.0,,,,,,8795.0,21413.0,,,65596.0,,,,51242.0,,2505.0,,,,
2008-03-16,,,47021.0,444.0,188.0,,,,,,9178.0,17835.0,,,66420.0,,,,50948.0,,2518.0,,,,
2008-03-23,,,55543.0,537.0,225.0,,,,,,9044.0,15904.0,,,66092.0,,,,49534.0,,2623.0,,,,
2008-03-30,,,56695.0,589.0,238.0,,,,,,9763.0,12534.0,,,139345.0,,,,48661.0,,2767.0,,,,
2008-04-06,,,52092.0,,,,,,,,10324.0,10622.0,,,113210.0,,,,45749.0,,2311.0,,,,
2008-04-13,,,40896.0,,,,,,,,8194.0,8378.0,,,89794.0,,,,50155.0,,2242.0,,,,
2008-04-20,,,37371.0,,,,,,,,8043.0,8176.0,,,78947.0,,,,42089.0,,1769.0,,,,
2008-04-27,,,42956.0,,,,,,,,8504.0,10821.0,,,93342.0,,,,57458.0,,1995.0,,,,
2008-05-04,,,42956.0,,,,,,,,8504.0,10821.0,,,93342.0,,,,57458.0,,1995.0,,,,
2008-05-11,,,47965.0,,,,,,,,7983.0,8481.0,,,73299.0,,,,70540.0,,1668.0,,,,
2008-05-18,,,33713.0,,,,,,,,5741.0,6949.0,,,55752.0,,,,40014.0,,1402.0,,,,
2008-05-25,,,35892.0,,,,,,,,6587.0,8102.0,,,53931.0,,,,43709.0,,1694.0,,,,
2008-06-01,,,36694.0,,,,,,,,6558.0,8666.0,,,54755.0,,,,45390.0,,1743.0,,,,
2008-06-08,,,32812.0,,,,,,,,5804.0,10109.0,,,52721.0,,,,42322.0,,2059.0,,,,
2008-06-15,,,38435.0,,,,,,,,7218.0,77208.0,,,56001.0,,,,44339.0,,2066.0,,,,
2008-06-22,,,36732.0,,,,,,,,6851.0,24834.0,,,54772.0,,,,43825.0,,1936.0,,,,
2008-06-29,,,51041.0,,,,,,,,8106.0,18677.0,,,55882.0,,,,60114.0,,3160.0,,,,
2008-07-06,,,49266.0,,,,,,,,11256.0,16954.0,,,52258.0,,,,45867.0,,3155.0,,,,
2008-07-13,,,46674.0,,,,,,,,11272.0,14008.0,,,57237.0,,,,41364.0,,2779.0,,,,
2008-07-20,,,61089.0,,,,,,,,10278.0,11967.0,,,76041.0,,,,42497.0,,3655.0,,,,
2008-07-27,,,60610.0,,,,,,,,9707.0,11894.0,,,71229.0,,,,42123.0,,4850.0,,,,
2008-08-03,,,63307.0,,,,,,,,8626.0,10925.0,,,69848.0,,,,40909.0,,6368.0,,,,
2008-08-10,,,77483.0,,,,,,,,9772.0,11352.0,,,66370.0,,,,42989.0,,15742.0,,,,
2008-08-17,,,77483.0,,,,,,,,9772.0,11352.0,,,66370.0,,,,42989.0,,15742.0,,,,
2008-08-24,,,56570.0,,,,,,,,7830.0,8289.0,,,46419.0,,,,29379.0,,3805.0,,,,
2008-08-31,,,58404.0,,,,,,,,9080.0,10801.0,,,42937.0,,,,24345.0,,3056.0,,,,
2008-09-07,,,49249.0,,,,,,,,7778.0,8490.0,,,32552.0,,,,29265.0,,843.0,,,,
2008-09-14,,,63125.0,,,,,,,,7544.0,8050.0,,,26040.0,,,,27057.0,,28681.0,,,,
2008-09-21,,,62553.0,,,,,,,,7333.0,8225.0,,,25781.0,,,,27273.0,,13701.0,,,,
2008-09-28,,,59550.0,,,,,,,,10603.0,8306.0,,,24901.0,,,,25953.0,,10322.0,,,,
2008-10-05,,,45273.0,,,,,,,,8634.0,7535.0,,,24131.0,,,,25859.0,,7694.0,,,,
2008-10-12,,,33998.0,,,,,,,,7527.0,5899.0,,,19873.0,,,,21506.0,,6690.0,,,,
2008-10-19,,,34464.0,,,,,,,,7816.0,4802.0,,,155720.0,,,,25461.0,,5982.0,,,,
2008-10-26,,,26004.0,,,,,,,,7467.0,4107.0,,,66837.0,,,,25459.0,,6858.0,,,,
2008-11-02,,,187768.0,,,,,,,,6831.0,36316.0,,,50031.0,,,,25378.0,,6335.0,,,,
2008-11-09,,,106070.0,,,,,,,,6131.0,25707.0,,,47026.0,,,,28516.0,,9677.0,,,,
2008-11-16,,,88442.0,,,,,,,,5967.0,23133.0,,,45555.0,,,,31099.0,,8571.0,,,,
2008-11-23,,,120476.0,,,,,,,,5861.0,18351.0,,,66249.0,,,,40208.0,,13671.0,,,,
2008-11-30,,,112415.0,,,,,,,,6866.0,34836.0,,,58250.0,,,,41570.0,,11647.0,,,,
2008-12-07,,,142334.0,,,,,,,,7140.0,26043.0,,,49458.0,,,,54639.0,,9886.0,,,,
2008-12-14,,,215022.0,,,,,,,,8937.0,30352.0,,,69152.0,,,,92982.0,,12201.0,,,,
2008-12-21,,,262928.0,,,,,,,,9696.0,37019.0,,,148409.0,,,,151106.0,,12598.0,,,,
2008-12-28,,,267278.0,,,,,,,,16004.0,58406.0,,,144622.0,,,,151865.0,,15973.0,,,,
2009-01-04,,,267278.0,,,,,,,,16004.0,58406.0,,,144622.0,,,,151865.0,,15973.0,,,,
2009-01-11,,,108814.0,,,,,,,,9406.0,28509.0,,,69474.0,,,,43538.0,,8605.0,,,,
2009-01-18,,,81001.0,,,,,,,,7048.0,18592.0,,,48198.0,,,,30648.0,,7586.0,,,,
2009-01-25,,,58477.0,,,,,,,,5944.0,16688.0,,,40728.0,,,,25552.0,,7140.0,,,,
2009-02-01,,,62471.0,,,,,,,,6286.0,16066.0,,,42393.0,,,,24795.0,,7033.0,,,,
2009-02-08,,,51433.0,,,,,,,,6001.0,15552.0,,,35569.0,,,,20748.0,,7705.0,,,,
2009-02-15,,,60751.0,,,,,,,,6081.0,18514.0,,,32103.0,,,,21083.0,,10311.0,,,,
2009-02-22,,,47001.0,,,,,,,,5068.0,15664.0,,,30010.0,,,,19189.0,,24584.0,,,,
2009-03-01,,,51991.0,,,,,,,,5730.0,35277.0,,,40214.0,,,,22051.0,,13203.0,,,,
2009-03-08,,,45171.0,,,,,,,,4986.0,40380.0,,,61003.0,,,,19588.0,,13803.0,,,,
2009-03-15,,,43072.0,,,,,,,,5188.0,28178.0,,,44996.0,,,,19283.0,,7418.0,,,,
2009-03-22,,,79372.0,,,,,,,,5412.0,24282.0,,,61343.0,,,,19629.0,,5147.0,,,,
2009-03-29,,,68981.0,,,,,,,,5667.0,18831.0,,,50866.0,,,,18784.0,,3601.0,,,,
2009-04-05,,,66218.0,,,,,,,,6309.0,17615.0,,,47263.0,,,,17047.0,,5728.0,,,,
2009-04-12,,,45324.0,,,,,,,,5204.0,13509.0,,,38411.0,,,,15540.0,,8948.0,,,,
2009-04-19,,,40790.0,,,,,,,,4682.0,56866.0,,,35767.0,,,,14799.0,,7628.0,,,,
2009-04-26,,,42788.0,,,,,,,,4821.0,20540.0,,,39210.0,,,,19730.0,,5077.0,,,,
2009-05-03,,,53833.0,,,,,,,,6376.0,17163.0,,,45774.0,,,,20106.0,,6603.0,,,,
2009-05-10,,,53833.0,,,,,,,,6376.0,17163.0,,,45774.0,,,,20106.0,,6603.0,,,,
2009-05-17,,,39131.0,,,,,,,,4373.0,9249.0,,,29793.0,,,,13030.0,,4093.0,,,,
2009-05-24,,,35433.0,,,,,,,,4738.0,9051.0,,,28265.0,,,,14174.0,,4837.0,,,,
2009-05-31,,,64393.0,,,,,,,,5214.0,10656.0,,,32249.0,,,,14287.0,,5992.0,,,,
2009-06-07,,,39436.0,,,,,,,,4573.0,8363.0,,,28342.0,,,,13426.0,,5878.0,,,,
2009-06-14,,,35803.0,,,,,,,,4508.0,8342.0,,,26755.0,,,,13601.0,,6503.0,,,,
2009-06-21,,,42560.0,,,,,,,,4828.0,8681.0,,,26766.0,,,,16744.0,,6059.0,,,,
2009-06-28,,,44706.0,,,,,,,,5001.0,10374.0,,,27037.0,,,,20864.0,,5248.0,,,,
2009-07-05,,,56503.0,,,,,,,,5489.0,10502.0,,,36274.0,,,,24109.0,,5050.0,,,,
2009-07-12,,,153332.0,,,,,,,,5223.0,9051.0,,,29551.0,,,,20850.0,,3167.0,,,,
2009-07-19,,,117017.0,,,,,,,,5010.0,8314.0,,,25139.0,,,,19415.0,,2735.0,,,,
2009-07-26,,,92992.0,,,,,,,,5137.0,8217.0,,,29818.0,,,,21767.0,,2410.0,,,,
2009-08-02,,,84748.0,,,,,,,,5596.0,8108.0,,,33288.0,,,,92790.0,,2640.0,,,,
2009-08-09,,,81846.0,,,,,,,,6526.0,7068.0,,,36464.0,,,,46037.0,,5319.0,,,,
2009-08-16,,,81846.0,,,,,,,,6526.0,7068.0,,,36464.0,,,,46037.0,,5319.0,,,,
2009-08-23,,,63641.0,,,,,,,,4433.0,3743.0,,,25621.0,,,,25540.0,,6144.0,,,,
2009-08-30,,,65583.0,,,,,,,,4125.0,2093.0,,,25692.0,,,,22707.0,,5730.0,,,,
2009-09-06,,,64667.0,,,,,,,,3688.0,150832.0,,,22545.0,,,,18087.0,,4614.0,,,,
2009-09-13,,,75632.0,,,,,,,,3174.0,54289.0,,,19837.0,,,,15279.0,,6854.0,,,,
2009-09-20,,,80604.0,,,,,,,,2886.0,55145.0,,,21924.0,,,,15443.0,,4030.0,,,,
2009-09-27,,,76157.0,,,,,,,,3464.0,49673.0,,,19581.0,,,,12882.0,,3650.0,,,,
2009-10-04,,,63344.0,,,,,,,,2768.0,36637.0,,,55259.0,,,,32190.0,,2607.0,,,,
2009-10-11,,,57804.0,,,,,,,,2547.0,28671.0,,,44230.0,,,,29053.0,,3221.0,,,,
2009-10-18,,,56741.0,,,,,,,,2737.0,26938.0,,,39382.0,,,,26781.0,,3035.0,,,,
2009-10-25,,,47551.0,,,,,,,,2631.0,30603.0,,,40116.0,,,,25262.0,,2821.0,,,,
2009-11-01,,,40247.0,,,,,,,,2697.0,36704.0,,,70768.0,,,,26772.0,,4804.0,,,,
2009-11-08,,,37913.0,,,,,,,,2264.0,43395.0,,,53550.0,,,,24294.0,,4021.0,,,,
2009-11-15,,,36332.0,,,,,,,,2463.0,33237.0,,,46629.0,,,,22725.0,,4102.0,,,,
2009-11-22,,,138197.0,,,,,,,,2118.0,29041.0,,,37441.0,,,,28627.0,,3007.0,,,,
2009-11-29,,,114716.0,,,,,,,,2461.0,38512.0,,,43881.0,,,,41868.0,,3197.0,,,,
2009-12-06,,,113052.0,,,,,,,,2481.0,50061.0,,,69494.0,,,,100950.0,,4277.0,,,,
2009-12-13,,,141073.0,,,,,,,,2832.0,75693.0,,,73953.0,,,,141938.0,,10236.0,,,,
2009-12-20,,,198372.0,,,,,,,,3405.0,245406.0,,,81524.0,,,,208035.0,,7114.0,,,,
2009-12-27,,,243871.0,,,,,,,,5111.0,131522.0,,,134277.0,,,,216932.0,,6937.0,,,,
2010-01-03,,,243871.0,,,,,,,,5111.0,131522.0,,,134277.0,,,,216932.0,,6937.0,,,,
2010-01-10,,,115015.0,,,,,,,,3693.0,61986.0,,,152168.0,,,,67297.0,,8631.0,,,,
2010-01-17,,,64972.0,,,,,,,,2455.0,37442.0,,,75482.0,,,,55472.0,,3755.0,,,,
2010-01-24,,,53369.0,,,,,,,,1860.0,27132.0,,,52122.0,,,,40867.0,,4110.0,,,,
2010-01-31,,,78099.0,,,,,,,,2286.0,32463.0,,,47517.0,,,,38912.0,,5091.0,,,,
2010-02-07,,,56193.0,,,,,,,,1962.0,25648.0,,,42660.0,,,,30704.0,,4250.0,,,,
2010-02-14,,,52867.0,,,,,,,,1733.0,23391.0,,,39919.0,,,,31290.0,,2241.0,,,,
2010-02-21,,,47432.0,,,,,,,,1907.0,29332.0,,,37191.0,,,,27253.0,,2405.0,,,,
2010-02-28,,,48115.0,,,,,,,,2087.0,25839.0,,,40741.0,,,,28029.0,,4794.0,,,,
2010-03-07,,,47948.0,,,,,,,,1828.0,28306.0,,,64805.0,,,,31880.0,,3247.0,,,,
2010-03-14,,,41807.0,,,,,,,,1933.0,27027.0,,,44078.0,,,,29592.0,,1974.0,,,,
2010-03-21,,,39748.0,,,,,,,,1949.0,42128.0,,,43341.0,,,,30074.0,,2758.0,,,,
2010-03-28,,,45294.0,,,,,,,,2102.0,45116.0,,,44356.0,,,,35810.0,,5280.0,,,,
2010-04-04,,,42866.0,,,,,,,,1961.0,37438.0,,,39025.0,,,,28772.0,,2170.0,,,,
2010-04-11,,,37182.0,,,,,,,,1747.0,29336.0,,,32358.0,,,,25394.0,,2609.0,,,,
2010-04-18,,,31821.0,,,,,,,,1890.0,23042.0,,,29695.0,,,,23333.0,,2103.0,,,,
2010-04-25,,,32008.0,,,,,,,,1824.0,22217.0,,,29722.0,,,,24974.0,,1762.0,,,,
2010-05-02,,,44756.0,,,,,,,,2183.0,24958.0,,,49674.0,,,,33352.0,,3508.0,,,,
2010-05-09,,,44756.0,,,,,,,,2183.0,24958.0,,,49674.0,,,,33352.0,,3508.0,,,,
2010-05-16,,,28171.0,,,,,,,,1423.0,16487.0,,,26018.0,,,,17230.0,,3743.0,,,,
2010-05-23,,,24718.0,,,,,,,,1484.0,16256.0,,,24195.0,,,,17870.0,,3573.0,,,,
2010-05-30,,,27801.0,,,,,,,,1630.0,18018.0,,,27426.0,,,,21304.0,,2602.0,,,,
2010-06-06,,,19851.0,,,,,,,,1392.0,17472.0,,,24292.0,,,,17460.0,,2059.0,,,,
2010-06-13,,,20251.0,,,,,,,,1283.0,16452.0,,,22767.0,,,,20346.0,,1909.0,,,,
2010-06-20,,,51656.0,,,,,,,,1404.0,16196.0,,,22388.0,,,,17023.0,,1215.0,,,,
2010-06-27,,,69200.0,,,,,,,,1483.0,21659.0,,,25668.0,,,,18507.0,,17490.0,,,,
2010-07-04,,,53141.0,,,,,,,,1639.0,25049.0,,,28650.0,,,,21832.0,,7915.0,,,,
2010-07-11,,,48631.0,,,,,,,,1517.0,28538.0,,,27698.0,,,,23121.0,,6240.0,,,,
2010-07-18,,,45796.0,,,,,,,,1459.0,25641.0,,,30994.0,,,,21403.0,,5897.0,,,,
2010-07-25,,,44204.0,,,,,,,,1516.0,21356.0,,,31315.0,,,,21500.0,,5575.0,,,,
2010-08-01,,,43482.0,,,,,,,,1411.0,41643.0,,,46632.0,,,,19694.0,,8103.0,,,,
2010-08-08,,,28920.0,,,,,,,,1031.0,15094.0,,,17779.0,,,,12856.0,,2240.0,,,,
2010-08-15,,,28920.0,,,,,,,,1031.0,15094.0,,,17779.0,,,,12856.0,,2240.0,,,,
2010-08-22,,,44591.0,,,,,,,,1497.0,25534.0,,,27543.0,,,,18929.0,,3847.0,,,,
2010-08-29,,,37614.0,,,,,,,,1567.0,22009.0,,,56591.0,,,,17268.0,,2457.0,,,,
2010-09-05,,,35500.0,,,,,,,,1624.0,19848.0,,,35793.0,,,,16846.0,,1789.0,,,,
2010-09-12,,,36659.0,,,,,,,,1241.0,16677.0,,,29711.0,,,,15330.0,,2185.0,,,,
2010-09-19,,,81297.0,,,,,,,,1324.0,17549.0,,,31054.0,,,,15912.0,,4668.0,,,,
2010-09-26,,,84180.0,,,,,,,,1582.0,18173.0,,,38056.0,,,,15052.0,,2722.0,,,,
2010-10-03,,,57395.0,,,,,,,,1253.0,17818.0,,,37314.0,,,,13082.0,,2636.0,,,,
2010-10-10,,,50917.0,,,,,,,,1433.0,19617.0,,,34434.0,,,,13057.0,,2401.0,,,,
2010-10-17,,,44925.0,,,,,,,,1590.0,21001.0,,,37553.0,,,,12909.0,,2282.0,,,,
2010-10-24,,,31859.0,,,,,,,,1248.0,19240.0,,,28057.0,,,,11218.0,,2047.0,,,,
2010-10-31,,,43965.0,,,,,,,,1445.0,23703.0,,,35937.0,,,,10824.0,,3187.0,,,,
2010-11-07,,,33514.0,,,,,,,,1310.0,19498.0,,,31865.0,,,,10008.0,,2605.0,,,,
2010-11-14,,,30056.0,,,,,,,,1141.0,17029.0,,,36235.0,,,,35934.0,,2089.0,,,,
2010-11-21,,,36630.0,,,,,,,,1282.0,26125.0,,,94236.0,,,,24037.0,,5488.0,,,,
2010-11-28,,,46816.0,,,,,,,,1459.0,61096.0,,,74439.0,,,,39691.0,,4155.0,,,,
2010-12-05,,,73301.0,,,,,,,,1614.0,37751.0,,,327905.0,,,,53253.0,,3815.0,,,,
2010-12-12,,,106633.0,,,,,,,,1676.0,41790.0,,,141820.0,,,,76885.0,,3853.0,,,,
2010-12-19,,,149844.0,,,,,,,,1623.0,47161.0,,,146035.0,,,,106203.0,,4136.0,,,,
2010-12-26,,,57396.0,,,,,,,,1266.0,34803.0,,,37991.0,,,,48558.0,,2575.0,,,,
2011-01-02,,,57396.0,,,,,,,,1266.0,34803.0,,,37991.0,,,,48558.0,,2575.0,,,,
2011-01-09,,,97006.0,,,,,,,,2493.0,56398.0,,,30852.0,,,,59929.0,,4740.0,,,,
2011-01-16,,,38917.0,,,,,,,,1404.0,28382.0,,,26462.0,,,,22956.0,,3133.0,,,,
2011-01-23,,,28233.0,,,,,,,,1207.0,22743.0,,,31551.0,,,,15742.0,,3466.0,,,,
2011-01-30,,,26891.0,,,,,,,,1356.0,22872.0,,,29822.0,,,,18985.0,,3632.0,,,,
2011-02-06,,,29498.0,,,,,,,,1419.0,23571.0,,,27180.0,,,,14953.0,,2846.0,,,,
2011-02-13,,,27304.0,,,,,,,,1307.0,24976.0,,,106299.0,,,,13391.0,,3086.0,,,,
2011-02-20,,,23063.0,,,,,,,,1258.0,22513.0,,,54358.0,,,,11076.0,,2889.0,,,,
2011-02-27,371326.0,,21544.0,,,,,,,,1124.0,21126.0,,,43187.0,,,,10947.0,,6372.0,,,,
2011-03-06,206087.0,,18100.0,,,,,,,,1278.0,22736.0,,,65535.0,,,,11031.0,,2359.0,,,,
2011-03-13,104412.0,,14956.0,,,,,,,,863.0,29395.0,,,36947.0,,,,9097.0,,2052.0,,,,
2011-03-20,64942.0,,15135.0,,,,,,,,1076.0,23001.0,,,21850.0,,,,9452.0,,1032.0,,,,
2011-03-27,54656.0,,19132.0,,,,,,,,1157.0,24744.0,,,40897.0,,,,9622.0,,1244.0,,,,
2011-04-03,43178.0,,20080.0,,,,,,,,1255.0,22972.0,,,48695.0,,,,9003.0,,1409.0,,,,
2011-04-10,32759.0,,18356.0,,,,,,,,1286.0,22681.0,,,36111.0,,,,8838.0,,1941.0,,,,
2011-04-17,25320.0,,14540.0,,,,,,,,1198.0,21232.0,,,24745.0,,,,8245.0,,1733.0,,,,
2011-04-24,21275.0,,10866.0,,,,,,,,1253.0,18015.0,,,47499.0,,,,8089.0,,1813.0,,,,
2011-05-01,25719.0,,14090.0,,,,,,,,1704.0,20394.0,,,62269.0,,,,12167.0,,3095.0,,,,
2011-05-08,25719.0,,14090.0,,,,,,,,1704.0,20394.0,,,62269.0,,,,12167.0,,3095.0,,,,
2011-05-15,16379.0,,6961.0,,,,,,,,1170.0,13536.0,,,32417.0,,,,6301.0,,2597.0,,,,
2011-05-22,16465.0,,6554.0,,,,,,,,1163.0,12681.0,,,30064.0,,,,6240.0,,1815.0,,,,
2011-05-29,25096.0,,6389.0,,,,,,,,1094.0,15842.0,,,34253.0,,,,7552.0,,1751.0,,,,
2011-06-05,27868.0,,6832.0,,,,,,,,1141.0,15270.0,,,29519.0,,,,7056.0,,1619.0,,,,
2011-06-12,24226.0,,7028.0,,,,,,,,1148.0,16673.0,,,25854.0,,,,7149.0,,1535.0,,,,
2011-06-19,41086.0,,7892.0,,,,,,,,1230.0,14327.0,,,28026.0,,,,7031.0,,2465.0,,,,
2011-06-26,27378.0,,6677.0,,,,,,,,1183.0,14967.0,,,25080.0,,,,8954.0,,1853.0,,,,
2011-07-03,31545.0,,6890.0,,,,,,,,1051.0,19290.0,,,26587.0,,,,11915.0,,1874.0,,,,
2011-07-10,23219.0,,7108.0,,,,,,,,1078.0,21199.0,,,25778.0,,,,12848.0,,1911.0,,,,
2011-07-17,45949.0,,6447.0,,,,,,,,1048.0,22807.0,,,25013.0,,,,14260.0,,1582.0,,,,
2011-07-24,32381.0,,7568.0,,,,,,,,1155.0,22935.0,,,27056.0,,,,16939.0,,1526.0,,,,
2011-07-31,15819.0,,6592.0,,,,,,,,1046.0,21324.0,,,33582.0,,,,17066.0,,1957.0,,,,
2011-08-07,107410.0,,2781.0,,,,,,,,525.0,9585.0,,,20895.0,,,,9340.0,,937.0,,,,
2011-08-14,107410.0,,2781.0,,,,,,,,525.0,9585.0,,,20895.0,,,,9340.0,,937.0,,,,
2011-08-21,107462.0,,5015.0,,,,,,,,1192.0,30342.0,,,40595.0,,,,17399.0,,1103.0,,,,
2011-08-28,57927.0,,3710.0,,,,,,,,1028.0,32235.0,,,32066.0,,,,10479.0,,938.0,,,,
2011-09-04,55264.0,,3205.0,,,,,,,,964.0,32969.0,,,28921.0,,,,9931.0,,830.0,,,,
2011-09-11,49191.0,,2748.0,,,,,,,,842.0,62266.0,,,23352.0,,,,9130.0,,727.0,,,,
2011-09-18,62245.0,,3187.0,,,,,,,,830.0,37477.0,,,24106.0,,,,15146.0,,788.0,,,,
2011-09-25,68386.0,,3138.0,,,,,,,,917.0,37710.0,,,28007.0,,,,14089.0,,3878.0,,,,
2011-10-02,55853.0,,2343.0,,,,,,,,795.0,28646.0,,,26146.0,,,,10497.0,,1691.0,,,,
2011-10-09,50916.0,,2178.0,,,,,,,,859.0,28492.0,,,26799.0,,,,10807.0,,1501.0,,,,
2011-10-16,54460.0,,2593.0,,,,,,,,802.0,28341.0,,,25461.0,,,,12473.0,,1885.0,,,,
2011-10-23,75386.0,,1818.0,,,,,,,,689.0,23419.0,,,21707.0,,,,12516.0,,1459.0,,,,
2011-10-30,67854.0,,1792.0,,,,,,,,682.0,23704.0,,,31691.0,,,,12595.0,,1562.0,,,,
2011-11-06,128287.0,,1803.0,,,,,,,,791.0,26390.0,,,27151.0,,,,11326.0,,1501.0,,,,
2011-11-13,89938.0,,1457.0,,,,,,,,627.0,22677.0,,,23347.0,,,,9871.0,,1601.0,,,,
2011-11-20,88225.0,,1455.0,,,,,,,,644.0,38836.0,,,36872.0,,,,11833.0,,1467.0,,,,
2011-11-27,110088.0,,1582.0,,,,,,,,639.0,30740.0,,,30086.0,,,,17912.0,,1238.0,,,,
2011-12-04,216350.0,,1845.0,,,,,,,,778.0,40051.0,,,31560.0,,,,28164.0,,1239.0,,,,
2011-12-11,378114.0,,2430.0,,,,,,,,926.0,43518.0,,,47238.0,,,,48275.0,,3317.0,,,,
2011-12-18,387838.0,,3511.0,,,,,,,,926.0,62272.0,,,63792.0,,,321407.0,60254.0,,2786.0,,,,
2011-12-25,510629.0,,5001.0,,,,,,,,1139.0,71689.0,,,101370.0,,,81387.0,94468.0,,3649.0,,,,
2012-01-01,230491.0,,2577.0,,,,,,,,792.0,66728.0,,,63468.0,,,40106.0,39457.0,,2110.0,,,,
2012-01-08,230491.0,,2577.0,,,,,,,,792.0,66728.0,,,63468.0,,,40106.0,39457.0,,2110.0,,,,
2012-01-15,101697.0,,1078.0,,,,,,,,517.0,31059.0,,,23942.0,,,15737.0,14216.0,,1247.0,,,,
2012-01-22,77519.0,,862.0,,,,,,,,396.0,23291.0,,,17874.0,,,13221.0,9701.0,,1311.0,,,,
2012-01-29,81699.0,,883.0,,,,,,,,564.0,23869.0,,,16939.0,,,17106.0,9884.0,,1137.0,,,,
2012-02-05,69180.0,,817.0,,,,,,,,349.0,23290.0,,,16558.0,,,14731.0,7023.0,,1007.0,,,,
2012-02-12,60231.0,,633.0,,,,,,,,313.0,21830.0,,,15688.0,,,11856.0,7754.0,,889.0,,,,
2012-02-19,88909.0,,702.0,,,,,,,,427.0,21036.0,,,15145.0,,,11004.0,6627.0,,765.0,,,,
2012-02-26,72032.0,,738.0,,,,,,,,488.0,24476.0,,,15876.0,,,10511.0,6578.0,,1244.0,,,,
2012-03-04,71797.0,,623.0,,,,,,,,551.0,65249.0,,,16375.0,,,10212.0,7046.0,,737.0,,,,
2012-03-11,63717.0,,575.0,,,,,,,,532.0,33679.0,,,15621.0,,,10228.0,7621.0,,921.0,,,,
2012-03-18,63746.0,,655.0,,,,,,,,563.0,28527.0,,,17721.0,,,11171.0,7218.0,,864.0,,,,
2012-03-25,94776.0,,837.0,,,,,,,,687.0,26441.0,,,20380.0,,,10635.0,8878.0,,821.0,,,,
2012-04-01,118072.0,,717.0,,,,,,,,662.0,24916.0,,,19966.0,,,11983.0,9134.0,,1026.0,,,,
2012-04-08,67613.0,,568.0,,,,,,,,617.0,20775.0,,,16780.0,,,8283.0,6569.0,,2983.0,,,,
2012-04-15,62653.0,,614.0,,,,,,,,508.0,19975.0,,,15285.0,,,8157.0,5295.0,,1122.0,,,,
2012-04-22,80561.0,,543.0,,,,,,,,475.0,17354.0,,,12314.0,,,8058.0,6638.0,,760.0,,,,
2012-04-29,71282.0,,625.0,,,,,,,,568.0,23372.0,,,20355.0,,,11167.0,9207.0,,970.0,,,,
2012-05-06,88226.0,,843.0,,,,,,,,738.0,26339.0,,,19856.0,,,9141.0,15198.0,,1293.0,,,,
2012-05-13,45063.0,,466.0,,,,,,,,493.0,15272.0,,,11605.0,,,5849.0,6443.0,,758.0,,,,
2012-05-20,41712.0,,368.0,,,,,,,,449.0,13800.0,,,11570.0,,,5879.0,5958.0,,835.0,,,,
2012-05-27,51804.0,,362.0,,,,,,,,387.0,16256.0,,,11813.0,,,6089.0,6486.0,,2493.0,,,,
2012-06-03,101718.0,,356.0,,,,,,,,453.0,16404.0,,,11153.0,,,6413.0,6335.0,,2783.0,,,,
2012-06-10,61212.0,,332.0,,,,,,,,395.0,15830.0,,,10385.0,,,12256.0,5760.0,,1321.0,,,,
2012-06-17,56394.0,,387.0,,,,,,,,496.0,15183.0,,,10327.0,,,31657.0,5381.0,,1107.0,,,,
2012-06-24,66953.0,,500.0,,,,,,,,403.0,13785.0,,,9868.0,,,12100.0,5713.0,,1194.0,,,,
2012-07-01,65267.0,,657.0,,,,,,,,490.0,16399.0,,,11461.0,,,22638.0,6880.0,,861.0,,,,
2012-07-08,51930.0,,455.0,,,,,,,,474.0,14297.0,,,10627.0,,,11544.0,6654.0,,711.0,,,,
2012-07-15,46633.0,,430.0,,,,,,,,451.0,15218.0,,,11170.0,,,11388.0,6660.0,,686.0,,,,
2012-07-22,44202.0,,545.0,,,,,,,,414.0,16232.0,,,13199.0,,,10103.0,8729.0,,594.0,,,,
2012-07-29,235974.0,,496.0,,,,,,,,439.0,18160.0,,,14029.0,,,9081.0,10549.0,,632.0,,,,
2012-08-05,118786.0,,372.0,,,,,,,,430.0,14544.0,,,11989.0,,,8203.0,41561.0,,605.0,,,,
2012-08-12,108018.0,,377.0,,,,,,,,536.0,16471.0,,,13129.0,,,9943.0,15360.0,,574.0,,,,
2012-08-19,108018.0,,377.0,,,,,,,,536.0,16471.0,,,13129.0,,,9943.0,15360.0,,574.0,,,,
2012-08-26,64921.0,,311.0,,,,,,,,439.0,12243.0,,,10676.0,,,9751.0,8476.0,,563.0,,,,
2012-09-02,67926.0,,279.0,,,,,,,,411.0,12846.0,,,10918.0,,,46877.0,8038.0,,525.0,,,,
2012-09-09,57305.0,,237.0,,,,,,,,411.0,12210.0,,,9434.0,,,11382.0,5493.0,,562.0,,,,
2012-09-16,56970.0,,243.0,,,,,,,,389.0,14455.0,,,9791.0,,,8684.0,5300.0,,502.0,,,,
2012-09-23,59199.0,,277.0,,,,,,,,367.0,12034.0,,,14272.0,,,8219.0,5386.0,,630.0,,,,
2012-09-30,77183.0,,202.0,,,,,,,,482.0,9380.0,,,20954.0,,,12939.0,5041.0,,484.0,,,,
2012-10-07,58233.0,,275.0,,,,,,,,274.0,43870.0,,,16596.0,,,8118.0,4282.0,,4568.0,,,,
2012-10-14,78401.0,,159.0,,,,,,,,286.0,28010.0,,,15107.0,,,7028.0,4238.0,,2151.0,,,,
2012-10-21,60033.0,,168.0,,,,,,,,339.0,22306.0,,,15179.0,,,7031.0,3596.0,,1937.0,,,,
2012-10-28,60079.0,,176.0,,,,,,,,343.0,21470.0,,,14575.0,,,6093.0,3744.0,,1636.0,,,,
2012-11-04,82644.0,,307.0,,,,,,,,389.0,23106.0,,,13351.0,,,5368.0,3340.0,,1254.0,,,,
2012-11-11,168662.0,,343.0,,,,,,,,457.0,19369.0,,,11749.0,,,4263.0,3020.0,,2592.0,,,,
2012-11-18,170559.0,,173.0,,,,,,,,354.0,18213.0,,,11197.0,,,12019.0,3095.0,,1739.0,,,,
2012-11-25,158527.0,,227.0,,,,,,,,434.0,34836.0,,,16197.0,,,9246.0,4009.0,,1667.0,,,,
2012-12-02,154654.0,,337.0,,,,,,,,429.0,31510.0,,,14248.0,,,9830.0,4708.0,,1403.0,,,,
2012-12-09,219103.0,,,,,,,,,,493.0,37636.0,,,17379.0,,,10348.0,6811.0,308570.0,1288.0,,,,
2012-12-16,333409.0,,,,,,,,,,824.0,46111.0,,,28779.0,,,13590.0,12211.0,130653.0,1106.0,,,,
2012-12-23,433788.0,,,,,,,,,,539.0,50216.0,,,58378.0,,,19056.0,16785.0,122356.0,1336.0,,,,
2012-12-30,286240.0,,,,,,,,,,1156.0,59470.0,,,43649.0,,,24552.0,6754.0,73711.0,1774.0,,,,
2013-01-06,286240.0,,,,,,,,,,1156.0,59470.0,,,43649.0,,,24552.0,6754.0,73711.0,1774.0,,,,
2013-01-13,105112.0,,,,,,,,,,562.0,21445.0,,,18084.0,,,10131.0,2092.0,21489.0,578.0,,,,
2013-01-20,90114.0,,,,,,,,,,385.0,19042.0,,,16625.0,,,8597.0,1918.0,16635.0,527.0,,,,
2013-01-27,79793.0,,,,,,,,,,381.0,17242.0,,,14058.0,,,8495.0,2170.0,12335.0,511.0,,,,
2013-02-03,82255.0,,,,,,,,,,329.0,16346.0,,,13235.0,,,8266.0,1868.0,11714.0,530.0,,,,
2013-02-10,141581.0,,,,,,,,,,265.0,14149.0,,,11321.0,,,7379.0,1866.0,11092.0,490.0,,,,
2013-02-17,101940.0,,,,,,,,,,360.0,13703.0,,,10287.0,,,7401.0,1719.0,10167.0,463.0,,,,
2013-02-24,74184.0,,,,,,,,,,244.0,17015.0,,,9237.0,,,11669.0,1478.0,9495.0,449.0,,,,
2013-03-03,77105.0,,,,,,,,,,265.0,24661.0,,,11665.0,,,60561.0,2151.0,9528.0,282.0,,,,
2013-03-10,60800.0,,,,,,,,,,218.0,19155.0,,,17954.0,,,61152.0,1742.0,9089.0,495.0,,,,
2013-03-17,69326.0,,,,,,,,,,210.0,20640.0,,,12569.0,,,36431.0,1603.0,8567.0,485.0,,,,
2013-03-24,76043.0,,,,,,,,,,156.0,23927.0,,,11471.0,,,37883.0,1718.0,10172.0,485.0,,,,
2013-03-31,67007.0,,,,,,,,,,158.0,19809.0,,,13569.0,,,33605.0,1743.0,21502.0,533.0,,,,
2013-04-07,55006.0,,,,,,,,,,,17871.0,,,8918.0,,,19879.0,1608.0,14413.0,497.0,,,,
2013-04-14,46676.0,,,,,,,,,,,15451.0,,,7778.0,,,14755.0,1361.0,10147.0,374.0,,,,
2013-04-21,70416.0,,,,,,,,,,,14893.0,,,8377.0,,,14666.0,1411.0,8047.0,336.0,,,,
2013-04-28,57199.0,,,,,,,,,,,15353.0,,,8265.0,,,17070.0,1527.0,8058.0,412.0,,,,
2013-05-05,71384.0,,,,,,,,,,,17490.0,,,8834.0,,,17855.0,1670.0,10573.0,388.0,,,,
2013-05-12,46443.0,,,,,,,,,,,12537.0,,,6300.0,,,12738.0,1120.0,6744.0,306.0,,,,
2013-05-19,36162.0,,,,,,,,,,,10738.0,,,6833.0,,,11564.0,1189.0,6058.0,272.0,,,,
2013-05-26,50415.0,,,,,,,,,,,12335.0,,,5949.0,,,13719.0,1038.0,5536.0,309.0,,,,
2013-06-02,38894.0,,,,,,,,,,,11177.0,,,5910.0,,,12381.0,1493.0,5669.0,293.0,,,,
2013-06-09,32576.0,,,,,,,,,,,9670.0,,,5295.0,,,10100.0,1189.0,4549.0,224.0,,,,
2013-06-16,41146.0,,,,,,,,,,,10871.0,,,6197.0,,,11728.0,1252.0,5031.0,222.0,,,,
2013-06-23,34480.0,,,,,,,,,,,10077.0,,,5201.0,,,13002.0,1232.0,4236.0,189.0,,,,
2013-06-30,45391.0,,,,,,,,,,,13350.0,,,6958.0,,,34701.0,1581.0,5846.0,280.0,,,,
2013-07-07,38250.0,,,,,,,,,,,12162.0,,,5842.0,,,21197.0,1128.0,6380.0,228.0,,,,
2013-07-14,40113.0,,,,,,,,,,,12913.0,,,5617.0,,,15192.0,1212.0,20728.0,297.0,,,,
2013-07-21,52658.0,,,,,,,,,,,11592.0,,,5562.0,,,13685.0,1502.0,14024.0,242.0,,,,
2013-07-28,55719.0,,,,,,,,,,,11153.0,,,5346.0,,,17776.0,1435.0,10937.0,277.0,,,,
2013-08-04,61896.0,,,,,,,,,,,10590.0,,,5409.0,,,17031.0,1425.0,9432.0,213.0,,,,
2013-08-11,57837.0,,,,,,,,,,,10458.0,,,5333.0,,,15755.0,1414.0,9291.0,184.0,,,,
2013-08-18,71731.0,,,,,,,,,,,14319.0,,,6987.0,,,21482.0,1897.0,10951.0,216.0,,,,
2013-08-25,52141.0,,,,,,,,,,,10772.0,,,4901.0,,,12928.0,1117.0,7024.0,177.0,,,,
2013-09-01,59392.0,,,,,,,,,,,16236.0,,,5125.0,,,9443.0,1014.0,6239.0,161.0,,,,
2013-09-08,78300.0,,,,,,,,,,,11932.0,,,4482.0,,,7427.0,1064.0,5054.0,157.0,,,,
2013-09-15,298354.0,,,,,,,,,,,8640.0,,,4642.0,,,6083.0,1060.0,4842.0,113.0,,,,
2013-09-22,173544.0,,,,,,,,,,,11378.0,,,3935.0,,,5306.0,1033.0,5147.0,721.0,,,,
2013-09-29,139808.0,,,,,,,,,,,11747.0,,,4042.0,,,6436.0,967.0,5560.0,346.0,,,,
2013-10-06,117739.0,,,,,,,,,,,11152.0,,,3557.0,,,3670.0,1096.0,3853.0,362.0,,,,
2013-10-13,242780.0,,,,,,,,,,,12939.0,,,3062.0,,,58682.0,845.0,3405.0,242.0,,,,
2013-10-20,164115.0,,,,,,,,,,,12531.0,,,3222.0,,,25211.0,1101.0,3083.0,229.0,,,,
2013-10-27,117010.0,,,,,,,,,,,12129.0,,,3451.0,,,24002.0,865.0,3010.0,169.0,,,,
2013-11-03,86868.0,,,,,,,,,,,11754.0,,,3345.0,,,28219.0,663.0,40118.0,184.0,,,,
2013-11-10,74255.0,,,,,,,,,,,11932.0,,,3424.0,,,22924.0,793.0,14060.0,245.0,,,,
2013-11-17,60978.0,,,,,,,,,,,11715.0,,,3925.0,,,90996.0,736.0,14006.0,365.0,,,,
2013-11-24,70912.0,,,,,,,,,,,12106.0,,,3296.0,,,32138.0,813.0,20177.0,385.0,,,,
2013-12-01,100144.0,,,,,,,,,,,13302.0,,,3657.0,,,27768.0,968.0,27325.0,513.0,,,,
2013-12-08,122126.0,,,,,,,,,,,22762.0,,,4198.0,,,28253.0,1258.0,46773.0,524.0,,,,
2013-12-15,183762.0,,,,,,,,,,,23659.0,,,5841.0,,,34993.0,1615.0,72982.0,425.0,,,,
2013-12-22,245046.0,,,,,,,,,,,23493.0,,,7697.0,,,49366.0,2444.0,119159.0,607.0,,,,
2013-12-29,208893.0,,,,,,,,,,,27020.0,,,9451.0,,,75207.0,2719.0,79174.0,770.0,,,,
2014-01-05,187920.0,,,,,,,,,,,40941.0,,,12069.0,,,88169.0,1727.0,60548.0,1124.0,,,,
2014-01-12,65657.0,,,,,,,,,,,14869.0,,,4725.0,,,31382.0,382.0,14029.0,451.0,,,,
2014-01-19,50044.0,,,,,,,,,,,13280.0,,,3826.0,,,24519.0,397.0,11036.0,413.0,,,,
2014-01-26,39484.0,,,,,,,,,,,14268.0,,,3455.0,,,21952.0,394.0,9461.0,378.0,,,,
2014-02-02,39285.0,,,,,,,,,,,15016.0,,,3133.0,,,21061.0,349.0,8679.0,229.0,,,,
2014-02-09,49119.0,,,,,,,,,,,10645.0,,,2727.0,,,16544.0,228.0,8605.0,224.0,,,,
2014-02-16,41012.0,,,,,,,,,,,11261.0,,,3055.0,,,17231.0,193.0,8706.0,367.0,,,,
2014-02-23,30284.0,,,,,,,,,,,9546.0,322083.0,,2548.0,,,16363.0,148.0,8129.0,239.0,,,,
2014-03-02,35899.0,,,,,,,,,,,12116.0,52697.0,,3173.0,,,21460.0,136.0,8515.0,160.0,,,,
2014-03-09,30916.0,,,,,,,,,,,10772.0,30766.0,,2989.0,,,30709.0,133.0,8128.0,206.0,,,,
2014-03-16,29248.0,,,,,,,,,,,13529.0,28864.0,,3184.0,,,28761.0,119.0,7297.0,278.0,,,,
2014-03-23,34828.0,,,,,,,,,,,15030.0,33341.0,,2786.0,,,37904.0,134.0,9504.0,254.0,,,,
2014-03-30,57695.0,,,,,,,,,,,16757.0,24138.0,,3308.0,,,42439.0,190.0,13073.0,187.0,,,,
2014-04-06,31680.0,,,,,,,,,,,12120.0,15036.0,,2242.0,,,24134.0,124.0,7686.0,178.0,,,,
2014-04-13,24044.0,,,,,,,,,,,8388.0,12053.0,,1578.0,,,22865.0,178.0,5693.0,144.0,,,,
2014-04-20,22347.0,,,,,,,,,,,7569.0,13034.0,,1707.0,,,18226.0,161.0,5588.0,187.0,,,,
2014-04-27,33358.0,,,,,,,,,,,7951.0,10129.0,,1571.0,,,25293.0,115.0,5596.0,152.0,,,,
2014-05-04,42647.0,,,,,,,,,,,9917.0,11692.0,,1906.0,,,25606.0,126.0,8217.0,146.0,,,,
2014-05-11,40068.0,,,,,,,,,,,8099.0,8680.0,,1609.0,,,17888.0,108.0,8065.0,198.0,,,,
2014-05-18,25440.0,,,,,,,,,,,7060.0,6887.0,,1320.0,,,13699.0,123.0,6836.0,132.0,,,,
2014-05-25,25015.0,,,,,,,,,,,7383.0,7387.0,,1201.0,,,14096.0,108.0,8858.0,104.0,,,,
2014-06-01,24485.0,,,,,,,,,,,6818.0,6866.0,,1237.0,,,12524.0,109.0,19031.0,140.0,,,,
2014-06-08,36716.0,,,,,,,,,,,6041.0,8010.0,,10498.0,,,11504.0,122.0,12576.0,109.0,,,,
2014-06-15,29525.0,,,,,,,,,,,6832.0,7351.0,,2647.0,,,13891.0,118.0,10366.0,131.0,,,,
2014-06-22,25858.0,,,,,,,,,,,6681.0,6527.0,,1160.0,,,13742.0,113.0,8373.0,134.0,,,,
2014-06-29,26592.0,,,,,,,,,,,7497.0,8244.0,,597.0,,,27768.0,159.0,9010.0,156.0,,,,
2014-07-06,27556.0,,,,,,,,,,,7818.0,7111.0,,445.0,,,21687.0,139.0,8020.0,154.0,,,,
2014-07-13,56973.0,,,,,,,,,,,7454.0,6731.0,,275.0,,,35438.0,72.0,8034.0,74.0,,,,
2014-07-20,41502.0,,,,,,,,,,,7315.0,5865.0,,219.0,,,29339.0,55.0,7283.0,102.0,,,,
2014-07-27,42512.0,,,,,,,,,,,7109.0,5177.0,,201.0,,,23658.0,58.0,8623.0,91.0,,,,
2014-08-03,41183.0,,,,,,,,,,,6528.0,5243.0,,283.0,,,20147.0,108.0,8722.0,104.0,,,,
2014-08-10,41911.0,,,,,,,,,,,6138.0,5030.0,,124.0,,,19553.0,130.0,11266.0,114.0,,,,
2014-08-17,50024.0,,,,,,,,,,,6088.0,6314.0,,141.0,,,23868.0,138.0,17717.0,137.0,,,,
2014-08-24,33229.0,,,,,,,,,,,2629.0,5405.0,,119.0,,,16442.0,176.0,7558.0,118.0,,,,
2014-08-31,34748.0,,,,,,,,,,,6225.0,5757.0,,102.0,,,22800.0,117.0,6237.0,66.0,,,,
2014-09-07,27846.0,,,,,,,,,,,5737.0,6373.0,,128.0,,,15560.0,,5551.0,,23562.0,,,
2014-09-14,44899.0,,,,,,,,,,,5977.0,22213.0,,254.0,,,13372.0,,5473.0,,3574.0,,,
2014-09-21,47397.0,,,,,,,,,,,5232.0,8284.0,,168.0,,,12137.0,,6689.0,,1536.0,,,
2014-09-28,32782.0,,,,,,,,,,,5293.0,7259.0,,126.0,,,17039.0,,9197.0,,1739.0,,,
2014-10-05,23404.0,,,,,,,,,,,4971.0,6791.0,,121.0,,,15641.0,,6837.0,,1444.0,,,
2014-10-12,263010.0,,,,,,,,,,,4446.0,9883.0,,95.0,,,9410.0,,5107.0,,918.0,,,
2014-10-19,117810.0,,,,,,,,,,,4209.0,6810.0,,88.0,,,9844.0,,4017.0,,698.0,,,
2014-10-26,98794.0,,,,,,,,,,,4678.0,7903.0,,97.0,,,12832.0,,3385.0,,1177.0,,,
2014-11-02,63076.0,,,,,,,,,,,4645.0,8014.0,,86.0,,,11057.0,,3623.0,,1264.0,,,
2014-11-09,71259.0,,,,,,,,,,,4210.0,9376.0,,84.0,,,9555.0,,3884.0,,824.0,,,
2014-11-16,51390.0,,,,,,,,,,,4254.0,14173.0,,86.0,,,18428.0,,12063.0,,2469.0,,,
2014-11-23,83129.0,,,,,,,,,,,3862.0,11141.0,,78.0,,,10303.0,,8506.0,,1182.0,,,
2014-11-30,86346.0,,,,,,,,,,,4769.0,12073.0,,72.0,,,25847.0,,13533.0,,1175.0,,,
2014-12-07,92892.0,,,,,,,,,,,5061.0,13040.0,,79.0,,,20960.0,,27191.0,,904.0,,,
2014-12-14,163444.0,,,,,,,,,,,7011.0,64017.0,,82.0,,,23107.0,,29411.0,,916.0,,,
2014-12-21,218412.0,,,,,,,,,,,7847.0,21657.0,,87.0,,,29657.0,,36397.0,,1761.0,,,
2014-12-28,218351.0,,,,,,,,,,,10412.0,30145.0,,,,,40525.0,,48927.0,,815.0,,,
2015-01-04,35050.0,,,,,,,,,,,3622.0,8358.0,,,,,12385.0,,6577.0,,318.0,,,
2015-01-11,35050.0,,,,,,,,,,,3622.0,8358.0,,,,,12385.0,,6577.0,,318.0,,,
2015-01-18,50438.0,,,,,,,,,,,6061.0,13074.0,,,,,18942.0,,9718.0,,531.0,,,
2015-01-25,36163.0,,,,,,,,,,,7858.0,11513.0,,,,,16790.0,,7352.0,,351.0,,,
2015-02-01,33011.0,,,,,,,,,,,5941.0,13971.0,,,,,13436.0,,6716.0,,291.0,,,
2015-02-08,30673.0,,,,,,,,,,,5100.0,14812.0,,,,,11980.0,,6364.0,,259.0,,,
2015-02-15,53259.0,,,,,,,,,,,5493.0,17981.0,,,,,13052.0,,6665.0,,250.0,,,
2015-02-22,31200.0,,,,,,,,,,,4764.0,23210.0,,,,,33535.0,,5346.0,,908.0,,,
2015-03-01,29846.0,,,,,,,,,,,7794.0,46495.0,,,,,22198.0,,5615.0,,534.0,,,
2015-03-08,28450.0,,,,,,,,,,,6568.0,32946.0,,,,,19001.0,,5973.0,,479.0,,,
2015-03-15,26467.0,,,,,,,,,,,6579.0,30647.0,,,,,21541.0,,6333.0,,446.0,,,
2015-03-22,22748.0,,,,,,,,,,,5990.0,47429.0,,,,,22242.0,,5485.0,,322.0,,,
2015-03-29,25728.0,,,,,,,,,,,6450.0,46830.0,,,,,28896.0,,5298.0,,220.0,,,
2015-04-05,30223.0,,,,,,,,,,,5685.0,26928.0,,,,,21460.0,,5753.0,,292.0,,,
2015-04-12,23537.0,,,,,,,,,,,4466.0,16831.0,,,,,16056.0,,5208.0,,625.0,,,
2015-04-19,20774.0,,,,,,,,,,,3958.0,14324.0,,,,,13799.0,,5008.0,,513.0,,,
2015-04-26,20576.0,,,,,,,,,,,3721.0,19516.0,,,,,14718.0,,6215.0,,508.0,,,
2015-05-03,27210.0,,,,,,,,,,,3894.0,17671.0,,,,,18163.0,,22936.0,,403.0,,,
2015-05-10,24711.0,,,,,,,,,,,3480.0,14591.0,,,,,17199.0,,8864.0,,256.0,,,
2015-05-17,16010.0,,,,,,,,,,,2663.0,10945.0,,,,,11335.0,,6698.0,,155.0,,,
2015-05-24,15481.0,,,,,,,,,,,2426.0,10846.0,,,,,11141.0,,6836.0,,252.0,,,
2015-05-31,16341.0,,,,,,,,,,,2708.0,11327.0,,,,,13408.0,,15787.0,,348.0,,,
2015-06-07,17504.0,,,,,,,,,,,2444.0,10137.0,,,,,11594.0,,17104.0,,248.0,,,
2015-06-14,25770.0,,,,,,,,,,,2326.0,10117.0,,,,,11022.0,,16740.0,,118.0,,,
2015-06-21,24278.0,,,,,,,,,,,2448.0,12748.0,,,,,11535.0,,14868.0,,178.0,,,
2015-06-28,32333.0,,,,,,,,,,,2451.0,11977.0,,,,,23769.0,,14013.0,,357.0,,,
2015-07-05,26932.0,,,,,,,,,,,2765.0,15182.0,,,,,14676.0,,14406.0,,166.0,,,
2015-07-12,28043.0,,,,,,,,,,,2589.0,12906.0,,,,,13614.0,,10981.0,,129.0,,,
2015-07-19,27255.0,,,,,,,,,,,2513.0,22380.0,,,,,12601.0,,12204.0,,183.0,,,
2015-07-26,26208.0,,,,,,,,,,,2379.0,15256.0,,,,,12737.0,,11421.0,,133.0,,,
2015-08-02,51171.0,,,,,,,,,,,2120.0,13192.0,,,,,12847.0,,12589.0,,120.0,,,
2015-08-09,36006.0,,,,,,,,,,,2205.0,13104.0,,,,,11564.0,,14214.0,,337.0,,,
2015-08-16,45045.0,,,,,,,,,,,3040.0,17420.0,,,,,16323.0,,19259.0,,208.0,,,
2015-08-23,29023.0,,,,,,,,,,,2190.0,13525.0,,,,,10934.0,,11632.0,,140.0,,,
2015-08-30,47397.0,,,,,,,,,,,2308.0,17321.0,,,,,11461.0,,11499.0,,231.0,,,
2015-09-06,30022.0,,,,,,,,,,,2360.0,54720.0,,,,,10403.0,,10197.0,,120.0,,,
2015-09-13,24724.0,,,,,,,,,,,2083.0,18354.0,,,,,8940.0,,20564.0,,115.0,,,
2015-09-20,28010.0,,,,,,,,,,,1866.0,10558.0,,,,,18347.0,,18614.0,,242.0,,,
2015-09-27,27914.0,,,,,,,,,,,2355.0,6793.0,,,,,17996.0,,18133.0,,173.0,,,
2015-10-04,22578.0,,,,,,,,,,,1881.0,43372.0,,,,,16125.0,,11996.0,,218.0,,,
2015-10-11,22024.0,,,,,,,,,,,1621.0,28597.0,,,,,13850.0,,10895.0,,202.0,,,
2015-10-18,23002.0,,,,,,,,,,,1640.0,25350.0,,,,,14624.0,,10882.0,,356.0,,,
2015-10-25,19394.0,,,,,,,,,,,1433.0,21562.0,,,,,13516.0,,9349.0,,813.0,,,
2015-11-01,18567.0,,,,,,,,,,,1476.0,20850.0,,,,,14808.0,,8139.0,,405.0,,,
2015-11-08,27522.0,,,,,,,,,,,1427.0,32593.0,,,,,13824.0,,9268.0,,552.0,,,
2015-11-15,25682.0,,,,,,,,,,,1523.0,27150.0,,,,,12852.0,,14861.0,,445.0,,,
2015-11-22,33203.0,,,,,,,,,,,1241.0,26472.0,,,,,12236.0,,13808.0,,550.0,,,
2015-11-29,133628.0,,,,,,,,,,,1367.0,24516.0,,,,,14279.0,,19120.0,,536.0,,,
2015-12-06,89376.0,,,,,,,,,,,1545.0,34366.0,,,,,20301.0,,24527.0,,226.0,,,
2015-12-13,106108.0,,,,,,,,,,,1903.0,40289.0,,,,,31031.0,,47259.0,,234.0,,,
2015-12-20,144115.0,,,,,,,,,,,,60330.0,,,,,54223.0,,38314.0,,350.0,,,
2015-12-27,154818.0,,,,,,,,,,,,70596.0,,,,,74330.0,,43950.0,,400.0,,,
2016-01-03,122844.0,,,,,,,,,,,,70596.0,,,,,78611.0,,55798.0,,379.0,,,
2016-01-10,51144.0,,,,,,,,,,,,38286.0,,,,,32457.0,,25995.0,,145.0,,,
2016-01-17,31352.0,,,,,,,,,,,,26658.0,,,,,19812.0,,14533.0,,136.0,,,
2016-01-24,29966.0,,,,,,,,,,,,24825.0,,,,,15462.0,,9086.0,,115.0,,,
2016-01-31,24897.0,,,,,,,,,,,,32819.0,,,,,43530.0,,7369.0,,112.0,,,
2016-02-07,19755.0,,,,,,,,,,,,32181.0,,,,,24779.0,,3351.0,,367.0,,,
2016-02-14,21143.0,,,,,,,,,,,,25015.0,,,,,17474.0,,3155.0,,126.0,,,
2016-02-21,18616.0,,,,,,,,,,,,27130.0,,,,,22175.0,,4186.0,,93.0,,,
2016-02-28,20012.0,,,,,,,,,,,,25541.0,,,,,18643.0,,4013.0,,73.0,,,
2016-03-06,21259.0,,,,,,,,,,,,27318.0,,,,,29269.0,,5991.0,,205.0,,,
2016-03-13,20522.0,,,,,,,,,,,,27638.0,,,,,19762.0,,3836.0,,131.0,,,
2016-03-20,20349.0,,,,,,,,,,,,27354.0,,,,,19580.0,,9644.0,,75.0,,,
2016-03-27,25311.0,,,,,,,,,,,,35565.0,,,,,20383.0,,5034.0,,110.0,,,
2016-04-03,25520.0,,,,,,,,,,,,33440.0,,,,,17741.0,,2678.0,,87.0,,,
2016-04-10,21221.0,,,,,,,,,,,,23095.0,,,,,12860.0,,5229.0,,144.0,,,
2016-04-17,18333.0,,,,,,,,,,,,20652.0,,,,,11782.0,,5634.0,,153.0,,,
2016-04-24,15086.0,,,,,,,,,,,,20070.0,,,,,11233.0,,7195.0,,82.0,,,
2016-05-01,22395.0,,,,,,,,,,,,27903.0,,,,,17661.0,,10116.0,,90.0,,,
2016-05-08,23607.0,,,,,,,,,,,,24786.0,,,,,16822.0,,7961.0,,76.0,,,
2016-05-15,14434.0,,,,,,,,,,,,22109.0,,,,,10855.0,,3296.0,,138.0,,,
2016-05-22,13264.0,,,,,,,,,,,,18291.0,,,,,10082.0,,3659.0,,60.0,,,
2016-05-29,13736.0,,,,,,,,,,,,24201.0,,,,,14605.0,,3872.0,,65.0,,,
2016-06-05,13139.0,,,,,,,,,,,,22182.0,,,,,13050.0,,4207.0,,52.0,,,
2016-06-12,21621.0,,,,,,,,,,,,18722.0,,,,,11574.0,,3505.0,,46.0,,,
2016-06-19,18365.0,,,,,,,,,,,,18997.0,,,,,11415.0,,4430.0,,40.0,,,
2016-06-26,20016.0,,,,,,,,,,,,21475.0,,,,,11391.0,,4442.0,,72.0,,,
2016-07-03,18853.0,,,,,,,,,,,,24757.0,,,,,11258.0,,5363.0,,63.0,,,
2016-07-10,18446.0,,,,,,,,,,,,21474.0,,,,,10950.0,,14904.0,,75.0,,,
2016-07-17,24009.0,,,,,,,,,,,,21017.0,,,,,11610.0,,7605.0,,82.0,,,
2016-07-24,23539.0,,,,,,,,,,,,17857.0,,,,,10676.0,,5899.0,,55.0,,,
2016-07-31,25259.0,,,,,,,,,,,,21030.0,,,,,11340.0,,6048.0,,39.0,,,
2016-08-07,27551.0,,,,,,,,,,,,16383.0,,,,,10015.0,,5170.0,,43.0,,,
2016-08-14,31695.0,,,,,,,,,,,,17482.0,,,,,12407.0,,5770.0,,38.0,,,
2016-08-21,26735.0,,,,,,,,,,,,19053.0,,,,,11086.0,,5623.0,,40.0,,,
2016-08-28,20788.0,,,,,,,,,,,,6760.0,,,,,9458.0,,4157.0,,31.0,,,
2016-09-04,20813.0,,,,,,,,,,,,2302.0,,,,,10021.0,,4072.0,,126.0,,,
2016-09-11,19783.0,,,,,,,,,,,,364.0,,,,,9397.0,,3267.0,,154.0,,,
2016-09-18,36737.0,,,,,,,,,,,,96567.0,,,,,9083.0,,2824.0,,157.0,,,
2016-09-25,34877.0,,,,,,,,,,,,48443.0,,,,,8525.0,,2681.0,,162.0,,,
2016-10-02,27198.0,,,,,,,,,,,,38063.0,,,,,8151.0,,2071.0,,160.0,,,
2016-10-09,34119.0,,,,,,,,,,,,32525.0,,,,,7976.0,,2561.0,,102.0,,,
2016-10-16,30315.0,,,,,,,,,,,,29447.0,,,,,7881.0,,2558.0,,899.0,,,
2016-10-23,26015.0,,,,,,,,,,,,26719.0,,,,,7514.0,,2130.0,,215.0,,,
2016-10-30,25763.0,,,,,,,,,,,,32169.0,,,,,9879.0,,2172.0,,130.0,,,
2016-11-06,28902.0,,,,,,,,,,,,32484.0,,,,,9012.0,,2293.0,,210.0,,,
2016-11-13,29981.0,,,,,,,,,,,,93512.0,,,,,8637.0,,2467.0,,125.0,,,
2016-11-20,113987.0,,,,,,,,,,,,37383.0,,,,,7985.0,,2973.0,,85.0,,,
2016-11-27,68887.0,,,,,,,,,,,,40636.0,,,,,10584.0,,3414.0,,1020.0,,,
2016-12-04,62267.0,,,,,,,,,,,,116593.0,,,,,14853.0,,4713.0,,315.0,,,
2016-12-11,82663.0,,,,,,,,,,,,98684.0,,,,,17996.0,,4240.0,,363.0,,,
2016-12-18,117793.0,,,,,,,,,,,,75061.0,,,,,26955.0,,4544.0,,279.0,,,
2016-12-25,229575.0,,,,,,,,,,,,107269.0,,,,,58745.0,,8417.0,,757.0,,,
2017-01-01,119848.0,,,,,,,,,,,,93144.0,,,,,32960.0,,3204.0,,744.0,,,
2017-01-08,121419.0,,,,,,,,,,,,89346.0,,,,,43616.0,,3593.0,,402.0,,,
2017-01-15,46381.0,,,,,,,,,,,,49274.0,,,,,16689.0,,1332.0,,306.0,,,
2017-01-22,34278.0,,,,,,,,,,,,36413.0,,,,,12286.0,,1070.0,,350.0,,,
2017-01-29,33890.0,,,,,,,,,,,,44243.0,,,,,11911.0,,937.0,,483.0,,,
2017-02-05,31299.0,,,,,,,,,,,,35980.0,,,,,9772.0,,998.0,,117.0,,,
2017-02-12,31569.0,,,,,,,,,,,,31110.0,,,,,8730.0,,897.0,,178.0,,,
2017-02-19,27377.0,,,,,,,,,,,,28820.0,,,,,8339.0,,601.0,,110.0,,,
2017-02-26,24740.0,,,,,,,,,,,,44158.0,,,,,11069.0,,626.0,,525.0,,,
2017-03-05,27078.0,,,,,,,,330637.0,,,,36637.0,,,,,9879.0,,644.0,,168.0,,,
2017-03-12,24498.0,,,,,,,,63420.0,,,,34565.0,,,,,8819.0,,678.0,,121.0,,,
2017-03-19,56537.0,,,,,,,,50821.0,,,,32432.0,,,,,8459.0,,441.0,,112.0,,,
2017-03-26,51289.0,,,,,,,,79493.0,,,,30479.0,,,,,7529.0,,383.0,,85.0,,,
2017-04-02,36332.0,,,,,,,,32262.0,,,,28308.0,,,,,7330.0,,523.0,,242.0,,,
2017-04-09,26471.0,,,,,,,,45271.0,,,,22076.0,,,,,6313.0,,393.0,,108.0,,,
2017-04-16,24085.0,,,,,,,,42700.0,,,,22067.0,,,,,6123.0,,361.0,,70.0,,,
2017-04-23,21695.0,,,,,,,,40367.0,,,,18846.0,,,,,5414.0,,376.0,,73.0,,,
2017-04-30,21602.0,,,,,,,,74217.0,,,,24756.0,,,,,6194.0,,184.0,,169.0,,,
2017-05-07,23264.0,,,,,,,,47353.0,,,,28498.0,,,,,6921.0,,418.0,,97.0,,,
2017-05-14,13730.0,,,,,,,,25257.0,,,,17287.0,,,,,4212.0,,203.0,,72.0,,,
2017-05-21,13374.0,,,,,,,,27264.0,,,,17034.0,,,,,4596.0,,206.0,,97.0,,,
2017-05-28,13049.0,,,,,,,,27440.0,,,,19747.0,,,,,4867.0,,229.0,,102.0,,,
2017-06-04,12533.0,,,,,,,,25274.0,,,,21286.0,,,,,4843.0,,186.0,,51.0,,,
2017-06-11,11519.0,,,,,,,,28293.0,,,,19867.0,,,,,4317.0,,133.0,,61.0,,,
2017-06-18,12112.0,,,,,,,,49440.0,,,,25117.0,,,,,4573.0,,253.0,,69.0,,,
2017-06-25,12651.0,,,,,,,,26964.0,,,,26140.0,,,,,4535.0,,108.0,,181.0,,,
2017-07-02,12036.0,,,,,,,,24736.0,,,,28642.0,,,,,4914.0,,135.0,,82.0,,,
2017-07-09,11228.0,,,,,,,,36143.0,,,,28414.0,,,,,4678.0,,176.0,,68.0,,,
2017-07-16,48464.0,,,,,,,,25154.0,,,,28793.0,,,,,4487.0,,216.0,,35.0,,,
2017-07-23,28831.0,,,,,,,,102581.0,,,,27530.0,,,,,4417.0,,214.0,,102.0,,,
2017-07-30,126790.0,,,,,,,,105697.0,,,,93954.0,,,,,4364.0,,207.0,,103.0,,,
2017-08-06,61995.0,,,,,,,,69686.0,,,,52819.0,,,,,4653.0,,128.0,,101.0,,,
2017-08-13,46348.0,,,,,,,,77146.0,,,,38015.0,,,,,5038.0,,136.0,,87.0,,,
2017-08-20,41175.0,,,,,,,,22154.0,,,,39970.0,,,,,5420.0,,232.0,,102.0,,,
2017-08-27,26796.0,,,,,,,,85503.0,,,,26335.0,,,,,3953.0,,89.0,,63.0,,,
2017-09-03,25185.0,,,,,,,,32857.0,,,,29736.0,,,,,4113.0,,87.0,,55.0,,,
2017-09-10,22468.0,,,,,,,,47801.0,,,,31595.0,,,,,4182.0,,105.0,,84.0,,,
2017-09-17,20413.0,,,,,,,,38006.0,,,,27480.0,,,,,4308.0,,174.0,,51.0,,,
2017-09-24,18868.0,,,,,,,,50146.0,,,,25819.0,,,,,3871.0,,73.0,,26.0,,,
2017-10-01,20680.0,,,,,,,,74500.0,,,,34564.0,,,,,4256.0,,32.0,,53.0,,,
2017-10-08,23406.0,,,,,,,,38425.0,,,,25398.0,,,,,3987.0,,35.0,,189.0,,,
2017-10-15,20157.0,,,,,,,,37227.0,,,,26486.0,,,,,4142.0,,49.0,,53.0,,,
2017-10-22,15255.0,,,,,,,,23892.0,,,,32007.0,,,,,3832.0,,33.0,,71.0,,,
2017-10-29,16465.0,,,,,,,,133094.0,,,,26123.0,,,,,3197.0,,46.0,,59.0,,,
2017-11-05,20368.0,,,,,,,,63977.0,,,,31963.0,,,,,3309.0,,38.0,,65.0,,,
2017-11-12,18687.0,,,,,,,,84593.0,,,,29641.0,,,,,3023.0,,32.0,,1688.0,,,
2017-11-19,40582.0,,,,,,,,90303.0,,,,31862.0,,,,,2716.0,,38.0,,161.0,,,
2017-11-26,32178.0,,,,,,,,133746.0,,,,27806.0,,,,,3396.0,,131.0,,204.0,,,
2017-12-03,32246.0,,,,,,,,150583.0,,,,31518.0,,,,,4223.0,,63.0,,223.0,,,
2017-12-10,45217.0,,,,,,,,193717.0,,,,79242.0,,,,,8676.0,,98.0,,3409.0,,,
2017-12-17,53886.0,,,,,,,,230259.0,,,,73142.0,,,,,9561.0,,101.0,,1581.0,,,
2017-12-24,89430.0,,,,,,,,303504.0,,,,70581.0,,,,,16155.0,,103.0,,569.0,,,
2017-12-31,35357.0,,,,,,,,115255.0,,,,58182.0,,,,,7040.0,,69.0,,287.0,,,
2018-01-07,64986.0,,,,,,,,159636.0,,,,103607.0,,,,,13119.0,,,,273.0,,,
2018-01-14,21014.0,,,,,,,,31189.0,,,,41188.0,,,,,4146.0,,,,129.0,,,
2018-01-21,14620.0,,,,,,,,38749.0,,,,44910.0,,,,,4007.0,,,,440.0,,,
2018-01-28,12572.0,,,,,,,,39473.0,,,,140432.0,,,,,3367.0,,,,1603.0,,,
2018-02-04,12551.0,,,,,,,,46517.0,,,,109286.0,,,,,4228.0,,,,1086.0,,,
2018-02-11,13066.0,,,,,,,,43522.0,,,,70172.0,,,,,4177.0,,,,368.0,,,
2018-02-18,13075.0,,,,,,,,40655.0,,,,48391.0,,,,,5274.0,,,,267.0,,,
2018-02-25,12621.0,,,,,,,,41294.0,,,,36193.0,,,,,5666.0,,,,428.0,,,
2018-03-04,12513.0,,,,,,,,43801.0,,,,26843.0,,,,,5890.0,,,,185.0,,,
2018-03-11,12255.0,,,,,,,,45746.0,,,,27323.0,,,,,6636.0,,,,193.0,,,
2018-03-18,11100.0,,,,,,,,47841.0,,,,19845.0,,,,,4563.0,,,,142.0,,,
2018-03-25,13011.0,,,,,,,,51563.0,,,,19175.0,,,,,4494.0,,,,155.0,,,
2018-04-01,11951.0,,,,,,,,41402.0,,,,21569.0,,,,,4553.0,,,,267.0,,,
2018-04-08,10570.0,,,,,,,,36341.0,,,,13018.0,,,,,3471.0,,,,125.0,,,
2018-04-15,8909.0,,,,,,,,32427.0,,,,11837.0,,,,,3113.0,,,,145.0,,,
2018-04-22,8010.0,,,,,,,,32476.0,,,,11807.0,,,,,3220.0,,,,156.0,,,
2018-04-29,8378.0,,,,,,,,35498.0,,,,24330.0,,,,,5048.0,,,,236.0,,,
2018-05-06,13322.0,,,,,,,,54534.0,,,,37356.0,,,,,7977.0,,,,219.0,,,
2018-05-13,6703.0,,,,,,,,27907.0,,,,16905.0,,,,,2804.0,,,,180.0,,,
2018-05-20,6774.0,,,,,,,,30341.0,,,,15559.0,,,,,2698.0,,,,184.0,,,
2018-05-27,6588.0,,,,,,,,31673.0,,,,16361.0,,,,,2721.0,,,,182.0,,,
2018-06-03,7252.0,,,,,,,,36271.0,,,,17396.0,,,,,2742.0,,,,149.0,,,
2018-06-10,7285.0,,,,,,,,36449.0,,,,26978.0,,,,,3921.0,,,,103.0,,,
2018-06-17,7321.0,,,,,,,,44824.0,,,,22570.0,,,,,2983.0,,,,826.0,,,
2018-06-24,7052.0,,,,,,,,46750.0,,,,21368.0,,,,,2410.0,,,,441.0,,,
2018-07-01,7653.0,,,,,,,,50678.0,,,,19639.0,,,,,2794.0,,,,220.0,,,
2018-07-08,7522.0,,,,,,,,43648.0,,,,19041.0,,,,,2788.0,,,,183.0,,,
2018-07-15,7499.0,,,,,,,,47317.0,,,,17747.0,,,,,3594.0,,,,115.0,,,
2018-07-22,10552.0,,,,,,,,53644.0,,,,18033.0,,,,,3796.0,,,,385.0,,,
2018-07-29,8413.0,,,,,,,,47446.0,,,,17572.0,,,,,2653.0,,,,335.0,,,
2018-08-05,11361.0,,,,,,,,48975.0,,,,17254.0,,,,,2916.0,,,,113.0,,,
2018-08-12,10566.0,,,,,,,,50549.0,,,,19754.0,,,,,2602.0,,,,125.0,,,
2018-08-19,11232.0,,,,,,,,53536.0,,,,26811.0,,,,,2982.0,,,,136.0,,,
2018-08-26,7810.0,,,,,,,,46413.0,,,,22242.0,,,,,2370.0,,,,154.0,,,
2018-09-02,7715.0,,,,,,,,41125.0,,,,17564.0,,,,,2325.0,,,,144.0,,,
2018-09-09,6888.0,,,,,,,,46206.0,,,,18974.0,,,,,2327.0,,,,61.0,,,
2018-09-16,6338.0,,,,,,,,36153.0,,,,20849.0,,,,,1970.0,,,,275.0,,,
2018-09-23,6788.0,,,,,,,,36751.0,,,,17299.0,,,,,2619.0,,,,125.0,,,
2018-09-30,6651.0,,,,,,,,43197.0,,,,20520.0,,,,,2760.0,,,,114.0,,,
2018-10-07,6376.0,,,,,,,,46590.0,,,,13548.0,,,,,2823.0,,,,461.0,,,
2018-10-14,6430.0,,,,,,,,44572.0,,,,25482.0,,,,,2535.0,,,,310.0,,,
2018-10-21,5373.0,,,,,,,,43863.0,,,,19867.0,,,,,2803.0,,,,140.0,,,
2018-10-28,5497.0,,,,,,,,38448.0,,,,19321.0,,,,,2004.0,,,,171.0,,,
2018-11-04,5699.0,,,,,,,,40344.0,,,,17783.0,,,,,1838.0,,,,223.0,,,
2018-11-11,6041.0,,,,,,,,53385.0,,,,16216.0,,,,,1668.0,,,,473.0,,,
2018-11-18,6056.0,,,,,,,,180585.0,,,,15890.0,,,,,1818.0,,,,202.0,,,
2018-11-25,8302.0,,,,,,,,113341.0,,,,29283.0,,,,,1819.0,,,,684.0,,,
2018-12-02,8804.0,,,,,,,,107450.0,,,,18801.0,,,,,1730.0,,,,194.0,,,
2018-12-09,12487.0,,,,,,,,278313.0,,,,67911.0,,,,,2130.0,,,,358.0,,,
2018-12-16,17525.0,,,,,,,,285513.0,,,,82546.0,,,,,2583.0,,,,489.0,,,
2018-12-23,25568.0,,,,,,,,300661.0,,,,75178.0,,,,,3595.0,,,,305.0,,,
2018-12-30,11775.0,,,,,,,,186806.0,,,,75683.0,,,,,2658.0,,,,362.0,,,
2019-01-06,28969.0,,,,,,,,225698.0,,,,132566.0,,,,,3577.0,,,,257.0,,,
2019-01-13,5493.0,,,,,,,,83136.0,,,,17188.0,,,,,1701.0,,,,180.0,,,
2019-01-20,4939.0,,,,,,,,71672.0,,,,19365.0,,,,,1853.0,,,,166.0,,,
2019-01-27,4654.0,,,,,,,,51556.0,,,,51704.0,,,,,1787.0,,,,130.0,,,
2019-02-03,4134.0,,,,,,,,66448.0,,,,27832.0,,,,,1231.0,,,,96.0,,,
2019-02-10,3972.0,,,,,,,,61042.0,,,,19981.0,,,,,1504.0,,,,270.0,,,
2019-02-17,3890.0,,,,,,,,64313.0,,,,21571.0,,,,,1475.0,,,,68.0,,,
2019-02-24,3555.0,,,,,,,,49139.0,,,,18372.0,,,,,3554.0,,,,55.0,,,
2019-03-03,6084.0,,,,,,,,66453.0,,,,22402.0,,,,,4733.0,,,,99.0,,,
2019-03-10,4276.0,,,,,,,,67624.0,,,,29949.0,,,,,6403.0,,,,65.0,,,
2019-03-17,4659.0,,,,,,,,55478.0,,,,29948.0,,,,,1706.0,,,,195.0,,,
2019-03-24,6819.0,,,,,,,,56812.0,,,,29746.0,,,,,821.0,,,,96.0,,,
2019-03-31,5056.0,,,,,,,,49852.0,,,,23863.0,,,,,717.0,,,,92.0,,,
2019-04-07,4388.0,,,,,,,,46850.0,,,,13854.0,,,,,482.0,,,,93.0,,,
2019-04-14,3340.0,,,,,,,,54101.0,,,,11793.0,,,,,575.0,,,,66.0,,,
2019-04-21,3232.0,,,,,,,,40338.0,,,,11363.0,,,,,571.0,,,,83.0,,,
2019-04-28,4580.0,,,,,,,,42108.0,,,,14167.0,,,,,536.0,,,,155.0,,,
2019-05-05,5175.0,,,,,,,,41735.0,,,,15001.0,,,,,544.0,,,,191.0,,,
2019-05-12,5175.0,,,,,,,,41735.0,,,,15001.0,,,,,544.0,,,,191.0,,,
2019-05-19,2529.0,,,,,,,,32564.0,,,,9560.0,,,,,290.0,,,,112.0,,,
2019-05-26,2595.0,,,,,,,,25936.0,,,,9642.0,,,,,314.0,,,,92.0,,,
2019-06-02,2255.0,,,,,,,,33154.0,,,,8982.0,,,,,251.0,,,,91.0,,,
2019-06-09,2732.0,,,,,,,,33590.0,,,,30108.0,,,,,157.0,,,,137.0,,,
2019-06-16,2768.0,,,,,,,,34321.0,,,,28762.0,,,,,139.0,,,,341.0,,,
2019-06-23,2362.0,,,,,,,,29058.0,,,,15711.0,,,,,128.0,,,,313.0,,,
2019-06-30,2713.0,,,,,,,,59184.0,,,,18773.0,,,,,115.0,,,,178.0,,,
2019-07-07,2550.0,,,,,,,,75481.0,,,,11303.0,,,,,206.0,,,,121.0,,,
2019-07-14,2361.0,,,,,,,,55823.0,,,,10941.0,,,,,179.0,,,,50.0,,,
2019-07-21,2517.0,,,,,,,,45596.0,,,,13484.0,,,,,315.0,,,,121.0,,,
2019-07-28,2667.0,,,,,,,,42689.0,,,,11182.0,,,,,243.0,,,,51.0,,,
2019-08-04,2610.0,,,,,,,,36613.0,,,,10054.0,,,,,115.0,,,,48.0,,,
2019-08-11,5397.0,,,,,,,,41963.0,,,,15002.0,,,,,81.0,,,,44.0,,,
2019-08-18,5544.0,,,,,,,,50714.0,,,,21391.0,,,,,134.0,,,,42.0,,,
2019-08-25,2227.0,,,,,,,,30072.0,,,,9746.0,,,,,67.0,,,,44.0,,,
2019-09-01,1934.0,,,,,,,,90553.0,,,,10924.0,,,,,50.0,,,,57.0,,,
2019-09-08,1518.0,,,,,,,,77392.0,,,,33728.0,,,,,34.0,,,,65.0,,,
2019-09-15,1849.0,,,,,,,,51619.0,,,,27437.0,,,,,42.0,,,,97.0,,,
2019-09-22,1687.0,,,,,,,,239740.0,,,,24857.0,,,,,28.0,,,,513.0,,,
2019-09-29,2384.0,,,,,,,,196489.0,,,,24658.0,,,,,39.0,,,,158.0,,,
2019-10-06,1303.0,,,,,,,,89137.0,,,,12388.0,,,,,32.0,,,,126.0,,,
2019-10-13,1041.0,,,,,,,,56680.0,,,,7849.0,,,,,26.0,,,,78.0,,,
2019-10-20,1110.0,,,,,,,,54067.0,,,,7362.0,,,,,27.0,,,,142.0,,,
2019-10-27,1241.0,,,,,,,,69438.0,,,,7422.0,,,,,23.0,,,,81.0,,,
2019-11-03,1070.0,,,,,,,,119397.0,,,,8338.0,,,,,41.0,,,,75.0,,,
2019-11-10,1774.0,,,,,,,,88772.0,,,,15810.0,,,,,22.0,,,,64.0,,,
2019-11-17,1262.0,,,,,,,,180136.0,,,,8094.0,,,,,20.0,,,,80.0,,,
2019-11-24,1073.0,,,,,,,,179992.0,,,,7073.0,,,,,23.0,,,,110.0,,,
2019-12-01,1580.0,,,,,,,,186763.0,,,,8626.0,,,,,26.0,,,,891.0,,,
2019-12-08,4074.0,,,,,,,,188501.0,,,,41401.0,,,,,45.0,,,,400.0,,,
2019-12-15,3694.0,,,,,,,,236625.0,,,,11216.0,,,,,51.0,,,,522.0,,,
2019-12-22,3316.0,,,,,,,,291485.0,,,,107313.0,,,,,38.0,,,,226.0,,,
2019-12-29,3045.0,,,,,,,,234268.0,,,,81349.0,,,,,53.0,,,,297.0,,,
2020-01-05,2486.0,,,,,,,,200564.0,,,,32801.0,,,,,,,,,122.0,,,
2020-01-12,2486.0,,,,,,,,200564.0,,,,32801.0,,,,,,,,,122.0,,,
2020-01-19,766.0,,,,,,,,96458.0,,,,6325.0,,,,,,,,,74.0,,,
2020-01-26,718.0,,,,,,,,67987.0,,,,6330.0,,,,,,,,,58.0,,,
2020-02-02,599.0,,,,,,,,75922.0,,,,6282.0,,,,,,,,,38.0,,,
2020-02-09,580.0,,,,,,,,100961.0,,,,7007.0,,,,,,,,,66.0,,,
2020-02-16,757.0,,,,,,,,80312.0,,,,7832.0,,,,,,,,,41.0,,,
2020-02-23,1025.0,,,,,,,,41490.0,,,,6215.0,,,,,,,,,42.0,,,
2020-03-01,1131.0,,,,,,,,53098.0,,,,9583.0,,,,,,,,,72.0,,,
2020-03-08,1297.0,,,,,,,,50585.0,,,,13771.0,,,,,,,,,89.0,,,
2020-03-15,1362.0,,,,,,,,57274.0,,,,14925.0,,,,,,,,,58.0,,,
2020-03-22,1022.0,,,,,,,,392576.0,,,,15393.0,,,,,,,,,311.0,,,
2020-03-29,940.0,,,,,,,,282561.0,,,,10820.0,,,,,,,,,310.0,,,
2020-04-05,1230.0,,,,,,,,154640.0,,,,19535.0,,,,,,,,,51.0,,,
2020-04-12,1614.0,,,,,,,,25313.0,,,,79059.0,,,,,,,,,34.0,,,
2020-04-19,1571.0,,,,,,,,27874.0,,,,34500.0,,,,,,,,,53.0,,,
2020-04-26,1784.0,,,,,,,,107104.0,,,,33056.0,,,,,,,,,242.0,,,
2020-05-03,1711.0,,,,,,,,78731.0,,,,16239.0,,,,,,,,,125.0,,,
2020-05-10,1711.0,,,,,,,,78731.0,,,,16239.0,,,,,,,,,125.0,,,
2020-05-17,1028.0,,,,,,,,38380.0,,,,6241.0,,,,,,,,,32.0,,,
2020-05-24,2084.0,,,,,,,,52557.0,,,,3771.0,,,,,,,,,223.0,,,
2020-05-31,1157.0,,,,,,,,107593.0,,,,5867.0,,,,,,,,,185.0,,,
2020-06-07,1180.0,,,,,,,,68192.0,,,,21291.0,,,,,,,,,37.0,,,
2020-06-14,1004.0,,,,,,,,55187.0,,,,9283.0,,,,,,,,,104.0,,,
2020-06-21,1152.0,,,,,,,,78428.0,,,,12844.0,,,,,,,,,32.0,,,
2020-06-28,944.0,,,,,,,,93799.0,,,,7801.0,,,,,,,,,40.0,,,
2020-07-05,933.0,,,,,,,,52250.0,,,,4558.0,,,,,,,,,44.0,,,
2020-07-12,801.0,,,,,,,,96879.0,,,,3425.0,,,,,,,,,35.0,,,
2020-07-19,903.0,,,,,,,,113197.0,,,,4523.0,,,,,,,,,31.0,,,
2020-07-26,1042.0,,,,,,,,125231.0,,,,1434.0,,,,,,,,,40.0,,,
2020-08-02,776.0,,,,,,,,86605.0,,,,4025.0,,,,,,,,,41.0,,,
2020-08-09,1003.0,,,,,,,,161018.0,,,,4261.0,,,,,,,,,47.0,,,
2020-08-16,1003.0,,,,,,,,161018.0,,,,4261.0,,,,,,,,,47.0,,,
2020-08-23,1171.0,,,,,,,,70129.0,,,,883.0,,,,,,,,,24.0,,,
2020-08-30,1011.0,,,,,,,,78773.0,,,,1926.0,,,,,,,,,28.0,,,
2020-09-06,923.0,,,,,,,,77611.0,,,,1816.0,,,,,,,,,29.0,,,
2020-09-13,849.0,,,,,,,,83920.0,,,,2161.0,,,,,,,,,35.0,,,
2020-09-20,5272.0,,,,,,,,110029.0,,,,1801.0,,,,,,,,,31.0,,,
2020-09-27,3828.0,,,,,,,,70542.0,,,,2954.0,,,,,,,,,29.0,,,
2020-10-04,1568.0,,,,,,,,91093.0,,,,6539.0,,,,,,,,,25.0,,,
2020-10-11,947.0,,,,,,,,108575.0,,,,4533.0,,,,,,,,,30.0,,,
2020-10-18,856.0,,,,,,,,95852.0,,,,3517.0,,,,,,,,,58.0,,,
2020-10-25,856.0,,,,,,,,64768.0,,,,3137.0,,,,,,,,,47.0,,,
2020-11-01,1467.0,,,,,,,,86985.0,,,,3150.0,,,,,,,,,36.0,,,
2020-11-08,561.0,,,,,,,,139200.0,,,,3275.0,,,,,,,,,29.0,,,
2020-11-15,497.0,,,,,,,,116267.0,,,,2974.0,118085.0,,,,,,,,25.0,20534.0,,
2020-11-22,588.0,,,,,,,,179143.0,,,,2767.0,42891.0,,,,,,,,29.0,3684.0,,
2020-11-29,520.0,,,,,,,,145178.0,,,,3644.0,40459.0,,,,,,,,32.0,3593.0,,
2020-12-06,490.0,,,,,,,,204622.0,,,,3055.0,11893.0,,,,,,,,28.0,1622.0,,
2020-12-13,553.0,,,,,,,,229698.0,,,,9154.0,11056.0,,,,,,,,38.0,1411.0,,
2020-12-20,583.0,,,,,,,,263304.0,,,,10343.0,17578.0,,,,,,,,33.0,375.0,,
2020-12-27,419.0,,,,,,,,278173.0,,,,12718.0,13188.0,,,,,,,,27.0,205.0,,
2021-01-03,963.0,,,,,,,,312121.0,,,,17876.0,10632.0,,,,,,,,,134.0,,
2021-01-10,551.0,,,,,,,,167596.0,,,,6820.0,11164.0,,,,,,,,,109.0,,
2021-01-17,546.0,,,,,,,,170691.0,,,,3422.0,7328.0,,,,,,,,,160.0,,
2021-01-24,439.0,,,,,,,,110811.0,,,,3263.0,17348.0,,,,,,,,,424.0,,
2021-01-31,588.0,,,,,,,,114170.0,,,,3873.0,25948.0,,,,,,,,,1099.0,,
2021-02-07,824.0,,,,,,,,88485.0,,,,3229.0,13524.0,,,,,,,,,314.0,,
2021-02-14,797.0,,,,,,,,109615.0,,,,4407.0,22890.0,,,,,,,,,136.0,,
2021-02-21,827.0,,,,,,,,74298.0,,,,2949.0,25037.0,,,,,,,,,230.0,,
2021-02-28,673.0,,,,,,,,78049.0,,,,3217.0,33838.0,,,,,,,,,1487.0,,
2021-03-07,790.0,,,,,,,,89927.0,,,,3145.0,22549.0,,,,,,,,,566.0,,
2021-03-14,872.0,,,,,,,,72610.0,,,,2921.0,37851.0,,,,,,,,,718.0,,
2021-03-21,814.0,,,,,,,,89104.0,,,,2578.0,34657.0,,,,,,,,,1929.0,,
2021-03-28,933.0,,,,,,,,267497.0,,,,2189.0,62295.0,,,,,,,,,1279.0,,
2021-04-04,752.0,,,,,,,,135076.0,,,,1591.0,20755.0,,,,,,,,,159.0,,
2021-04-11,622.0,,,,,,,,96259.0,,,,1430.0,15560.0,,,,,,,,,571.0,,
2021-04-18,498.0,,,,,,,,94057.0,,,,1660.0,22095.0,,,,,,,,,545.0,,
2021-04-25,564.0,,,,,,,,105833.0,,,,818.0,20157.0,,,,,,,,,106.0,,
2021-05-02,513.0,,,,,,,,118014.0,,,,1292.0,26820.0,,,,,,,,,603.0,,
2021-05-09,513.0,,,,,,,,118014.0,,,,1292.0,26820.0,,,,,,,,,603.0,,
2021-05-16,495.0,,,,,,,,95411.0,,,,1226.0,14044.0,,,,,,,,,1183.0,,
2021-05-23,376.0,,,,,,,,99118.0,,,,1298.0,16264.0,,,,,,,,,1176.0,,
2021-05-30,425.0,,,,,,,,71148.0,,,,2562.0,39324.0,,,,,,,,,547.0,,
2021-06-06,341.0,,,,,,,,97208.0,,,,2725.0,18330.0,,,,,,,,,630.0,,
2021-06-13,395.0,,,,,,,,78317.0,,,,1185.0,19419.0,,,,,,,,,2694.0,,
2021-06-20,481.0,,,,,,,,75077.0,,,,667.0,15346.0,,,,,,,,,3684.0,,
2021-06-27,519.0,,,,,,,,72951.0,,,,2548.0,23438.0,,,,,,,,,4113.0,,
2021-07-04,732.0,,,,,,,,84494.0,,,,1159.0,16354.0,,,,,,,,,3470.0,,
2021-07-11,628.0,,,,,,,,69283.0,,,,678.0,14404.0,,,,,,,,,1066.0,,
2021-07-18,584.0,,,,,,,,64107.0,,,,295.0,10107.0,,,,,,,,,1874.0,,
2021-07-25,491.0,,,,,,,,69738.0,,,,1685.0,18114.0,,,,,,,,,4684.0,,
2021-08-01,358.0,,,,,,,,62865.0,,,,1209.0,22641.0,,,,,,,,,1802.0,,
2021-08-08,323.0,,,,,,,,72773.0,,,,1435.0,13530.0,,,,,,,,,1069.0,,
2021-08-15,539.0,,,,,,,,89732.0,,,,1170.0,9056.0,,,,,,,,,1256.0,,
2021-08-22,522.0,,,,,,,,72527.0,,,,943.0,12638.0,,,,,,,,,5782.0,,
2021-08-29,509.0,,,,,,,,63254.0,,,,2067.0,20154.0,,,,,,,,,5669.0,,
2021-09-05,746.0,,,,,,,,60942.0,,,,1431.0,17075.0,,,,,,,,,2605.0,,
2021-09-12,789.0,,,,,,,,67114.0,,,,1763.0,16975.0,,,,,,,,,2089.0,,
2021-09-19,643.0,,,,,,,,40068.0,,,,747.0,16084.0,,,,,,,,,4376.0,,
2021-09-26,588.0,,,,,,,,46297.0,,,,1641.0,26481.0,,,,,,,,,2643.0,,
2021-10-03,474.0,,,,,,,,40463.0,,,,933.0,12822.0,,,,,,,,,4135.0,,
2021-10-10,405.0,,,,,,,,179851.0,,,,961.0,15885.0,,,,,,,,,3447.0,,
2021-10-17,373.0,,,,,,,,72944.0,,,,613.0,18709.0,,,,,,,,,4187.0,,
2021-10-24,449.0,,,,,,,,108122.0,,,,462.0,14280.0,,,,,,,,,3889.0,,
2021-10-31,366.0,,,,,,,,74803.0,,,,1975.0,24016.0,,,,,,,,,2862.0,,
2021-11-07,433.0,,,,,,,,90517.0,,,,709.0,10120.0,,,,,,,,,2593.0,,
2021-11-14,417.0,,,,,,,,87267.0,,,,1399.0,4910.0,,,,,,,,,2593.0,,
2021-11-21,365.0,,,,,,,,167778.0,,,,188.0,4307.0,,,,,,,,,3422.0,,
2021-11-28,477.0,,,,,,,,122573.0,,,,84.0,8987.0,,,,,,,,,633.0,,
2021-12-05,423.0,,,,,,,,202937.0,,,,116.0,1919.0,,,,,,,,,558.0,,
2021-12-12,391.0,,,,,,,,192335.0,,,,103.0,1133.0,,,,,,,,,805.0,,
2021-12-19,302.0,,,,,,,,176832.0,,,,61.0,8664.0,,,,,,,,,2889.0,,
2021-12-26,101.0,,,,,,,,198054.0,,,,44.0,25387.0,,,,,,,,,1636.0,,
2022-01-02,569.0,,,,,,,,195926.0,,,,24.0,46677.0,,,,,,,,,523.0,,
2022-01-09,609.0,,,,,,,,148691.0,,,,15.0,10677.0,,,,,,,,,263.0,,
2022-01-16,489.0,,,,,,,,94523.0,,,,17.0,14453.0,,,,,,,,,2267.0,,
2022-01-23,325.0,,,,,,,,77219.0,,,,14.0,18857.0,,,,,,,,,2627.0,,
2022-01-30,267.0,,,,,,,,99078.0,,,,11.0,23339.0,,,,,,,,,1696.0,,
2022-02-06,264.0,,,,,,,,92452.0,,,,8.0,16888.0,,,,,,,,,5990.0,,
2022-02-13,360.0,,,,,,,,118065.0,,,,4.0,6418.0,,,,,,,,,5955.0,,
2022-02-20,364.0,,,,,,,,96929.0,,,,11.0,25434.0,,,,,,,,,4799.0,,
2022-02-27,511.0,,,,,,,,70232.0,,,,17.0,17032.0,,,,,,,,,4285.0,,
2022-03-06,511.0,,,,,,,,96952.0,,,,11.0,25679.0,,,,,,,,,1321.0,,
2022-03-13,461.0,,,,,,,,98246.0,,,,16.0,16286.0,,,,,,,,,1962.0,,
2022-03-20,287.0,,,,,,,,85497.0,,,,10.0,16968.0,,,,,,,,,3554.0,,
2022-03-27,280.0,,,,,,,,83800.0,,,,13.0,35474.0,,,,,,,,,390.0,,
2022-04-03,305.0,,,,,,,,67164.0,,,,12.0,30666.0,,,,,,,,,4409.0,,
2022-04-10,194.0,,,,,,,,61162.0,,,,14.0,11224.0,,,,,,,,,4068.0,,
2022-04-17,224.0,,,,,,,,60289.0,,,,15.0,11259.0,,,,,,,,,5742.0,,
2022-04-24,205.0,,,,,,,,57490.0,,,,12.0,17681.0,,,,,,,,,6025.0,,
2022-05-01,226.0,,,,,,,,88296.0,,,,40.0,24899.0,,,,,,,,,7059.0,,
2022-05-08,226.0,,,,,,,,88296.0,,,,40.0,24899.0,,,,,,,,,7059.0,,
2022-05-15,235.0,,,,,,,,65322.0,,,,22.0,2693.0,,,,,,,,,6225.0,,
2022-05-22,256.0,,,,,,,,64839.0,,,,20.0,14277.0,,,,,,,,,7131.0,,
